scan_id,prn,system_char,channel,cn0_dBHz,selected_doppler_hz,selected_bin,bin_index,doppler_hz,power
0,6,71,5,50.2499,-1250,11,0,-2625,6.66839e+10
0,6,71,5,50.2499,-1250,11,1,-2500,4.17265e+10
0,6,71,5,50.2499,-1250,11,2,-2375,2.20303e+10
0,6,71,5,50.2499,-1250,11,3,-2250,1.77757e+10
0,6,71,5,50.2499,-1250,11,4,-2125,7.65974e+10
0,6,71,5,50.2499,-1250,11,5,-2000,1.79099e+11
0,6,71,5,50.2499,-1250,11,6,-1875,3.63101e+11
0,6,71,5,50.2499,-1250,11,7,-1750,5.95752e+11
0,6,71,5,50.2499,-1250,11,8,-1625,8.18091e+11
0,6,71,5,50.2499,-1250,11,9,-1500,1.11521e+12
0,6,71,5,50.2499,-1250,11,10,-1375,1.15654e+12
0,6,71,5,50.2499,-1250,11,11,-1250,1.20474e+12
0,6,71,5,50.2499,-1250,11,12,-1125,9.95243e+11
0,6,71,5,50.2499,-1250,11,13,-1000,8.14081e+11
0,6,71,5,50.2499,-1250,11,14,-875,6.06379e+11
0,6,71,5,50.2499,-1250,11,15,-750,3.82743e+11
0,6,71,5,50.2499,-1250,11,16,-625,2.02538e+11
0,6,71,5,50.2499,-1250,11,17,-500,9.8751e+10
0,6,71,5,50.2499,-1250,11,18,-375,3.3921e+10
1,7,71,6,48.0397,1875,8,0,875,2.33982e+10
1,7,71,6,48.0397,1875,8,1,1000,4.55456e+10
1,7,71,6,48.0397,1875,8,2,1125,1.45632e+11
1,7,71,6,48.0397,1875,8,3,1250,3.34579e+11
1,7,71,6,48.0397,1875,8,4,1375,5.28601e+11
1,7,71,6,48.0397,1875,8,5,1500,7.47817e+11
1,7,71,6,48.0397,1875,8,6,1625,1.01369e+12
1,7,71,6,48.0397,1875,8,7,1750,1.12659e+12
1,7,71,6,48.0397,1875,8,8,1875,1.20121e+12
1,7,71,6,48.0397,1875,8,9,2000,1.16139e+12
1,7,71,6,48.0397,1875,8,10,2125,9.36082e+11
1,7,71,6,48.0397,1875,8,11,2250,6.56896e+11
1,7,71,6,48.0397,1875,8,12,2375,4.35291e+11
1,7,71,6,48.0397,1875,8,13,2500,2.80466e+11
1,7,71,6,48.0397,1875,8,14,2625,1.05335e+11
1,7,71,6,48.0397,1875,8,15,2750,3.88946e+10
1,7,71,6,48.0397,1875,8,16,2875,2.42318e+10
1,7,71,6,48.0397,1875,8,17,3000,3.75206e+10
1,7,71,6,48.0397,1875,8,18,3125,5.72927e+10
2,9,71,7,52.4938,-625,8,0,-1625,2.37675e+10
2,9,71,7,52.4938,-625,8,1,-1500,7.38095e+10
2,9,71,7,52.4938,-625,8,2,-1375,1.5713e+11
2,9,71,7,52.4938,-625,8,3,-1250,3.32116e+11
2,9,71,7,52.4938,-625,8,4,-1125,5.90587e+11
2,9,71,7,52.4938,-625,8,5,-1000,9.65848e+11
2,9,71,7,52.4938,-625,8,6,-875,1.31376e+12
2,9,71,7,52.4938,-625,8,7,-750,1.49172e+12
2,9,71,7,52.4938,-625,8,8,-625,1.91258e+12
2,9,71,7,52.4938,-625,8,9,-500,1.60909e+12
2,9,71,7,52.4938,-625,8,10,-375,1.43388e+12
2,9,71,7,52.4938,-625,8,11,-250,1.04284e+12
2,9,71,7,52.4938,-625,8,12,-125,6.93549e+11
2,9,71,7,52.4938,-625,8,13,0,4.38814e+11
2,9,71,7,52.4938,-625,8,14,125,2.04589e+11
2,9,71,7,52.4938,-625,8,15,250,6.85149e+10
2,9,71,7,52.4938,-625,8,16,375,2.78505e+10
2,9,71,7,52.4938,-625,8,17,500,2.43595e+10
2,9,71,7,52.4938,-625,8,18,625,5.3079e+10
3,11,71,1,48.25,1375,8,0,375,1.95011e+10
3,11,71,1,48.25,1375,8,1,500,2.67097e+10
3,11,71,1,48.25,1375,8,2,625,8.37475e+10
3,11,71,1,48.25,1375,8,3,750,1.66523e+11
3,11,71,1,48.25,1375,8,4,875,3.27978e+11
3,11,71,1,48.25,1375,8,5,1000,5.11454e+11
3,11,71,1,48.25,1375,8,6,1125,6.79687e+11
3,11,71,1,48.25,1375,8,7,1250,7.61086e+11
3,11,71,1,48.25,1375,8,8,1375,8.4238e+11
3,11,71,1,48.25,1375,8,9,1500,7.3667e+11
3,11,71,1,48.25,1375,8,10,1625,6.82393e+11
3,11,71,1,48.25,1375,8,11,1750,4.77221e+11
3,11,71,1,48.25,1375,8,12,1875,3.20073e+11
3,11,71,1,48.25,1375,8,13,2000,2.0317e+11
3,11,71,1,48.25,1375,8,14,2125,8.2237e+10
3,11,71,1,48.25,1375,8,15,2250,3.22713e+10
3,11,71,1,48.25,1375,8,16,2375,2.84281e+10
3,11,71,1,48.25,1375,8,17,2500,4.31998e+10
3,11,71,1,48.25,1375,8,18,2625,4.67303e+10
4,4,71,4,44.0757,-2375,10,0,-3625,2.65662e+10
4,4,71,4,44.0757,-2375,10,1,-3500,1.60689e+10
4,4,71,4,44.0757,-2375,10,2,-3375,1.23159e+10
4,4,71,4,44.0757,-2375,10,3,-3250,3.59362e+10
4,4,71,4,44.0757,-2375,10,4,-3125,9.64226e+10
4,4,71,4,44.0757,-2375,10,5,-3000,1.86982e+11
4,4,71,4,44.0757,-2375,10,6,-2875,3.20035e+11
4,4,71,4,44.0757,-2375,10,7,-2750,4.04428e+11
4,4,71,4,44.0757,-2375,10,8,-2625,5.08046e+11
4,4,71,4,44.0757,-2375,10,9,-2500,5.92049e+11
4,4,71,4,44.0757,-2375,10,10,-2375,6.14448e+11
4,4,71,4,44.0757,-2375,10,11,-2250,5.40584e+11
4,4,71,4,44.0757,-2375,10,12,-2125,4.43873e+11
4,4,71,4,44.0757,-2375,10,13,-2000,3.37184e+11
4,4,71,4,44.0757,-2375,10,14,-1875,2.00511e+11
4,4,71,4,44.0757,-2375,10,15,-1750,1.13788e+11
4,4,71,4,44.0757,-2375,10,16,-1625,6.27618e+10
4,4,71,4,44.0757,-2375,10,17,-1500,2.3023e+10
4,4,71,4,44.0757,-2375,10,18,-1375,1.31609e+10
5,30,71,3,42.8377,3375,8,0,2375,2.35489e+10
5,30,71,3,42.8377,3375,8,1,2500,2.14997e+10
5,30,71,3,42.8377,3375,8,2,2625,2.91093e+10
5,30,71,3,42.8377,3375,8,3,2750,4.09665e+10
5,30,71,3,42.8377,3375,8,4,2875,8.5228e+10
5,30,71,3,42.8377,3375,8,5,3000,1.26377e+11
5,30,71,3,42.8377,3375,8,6,3125,1.56509e+11
5,30,71,3,42.8377,3375,8,7,3250,2.28605e+11
5,30,71,3,42.8377,3375,8,8,3375,2.98074e+11
5,30,71,3,42.8377,3375,8,9,3500,2.78827e+11
5,30,71,3,42.8377,3375,8,10,3625,2.89621e+11
5,30,71,3,42.8377,3375,8,11,3750,2.78542e+11
5,30,71,3,42.8377,3375,8,12,3875,1.71343e+11
5,30,71,3,42.8377,3375,8,13,4000,1.48429e+11
5,30,71,3,42.8377,3375,8,14,4125,9.17542e+10
5,30,71,3,42.8377,3375,8,15,4250,5.46571e+10
5,30,71,3,42.8377,3375,8,16,4375,1.72891e+10
5,30,71,3,42.8377,3375,8,17,4500,1.27524e+10
5,30,71,3,42.8377,3375,8,18,4625,1.96406e+10
6,21,71,2,39.5889,3000,9,0,1875,1.94809e+10
6,21,71,2,39.5889,3000,9,1,2000,1.64858e+10
6,21,71,2,39.5889,3000,9,2,2125,1.19816e+10
6,21,71,2,39.5889,3000,9,3,2250,2.10879e+10
6,21,71,2,39.5889,3000,9,4,2375,4.46806e+10
6,21,71,2,39.5889,3000,9,5,2500,8.48075e+10
6,21,71,2,39.5889,3000,9,6,2625,1.29669e+11
6,21,71,2,39.5889,3000,9,7,2750,1.65561e+11
6,21,71,2,39.5889,3000,9,8,2875,1.64112e+11
6,21,71,2,39.5889,3000,9,9,3000,2.2507e+11
6,21,71,2,39.5889,3000,9,10,3125,2.10758e+11
6,21,71,2,39.5889,3000,9,11,3250,1.83464e+11
6,21,71,2,39.5889,3000,9,12,3375,1.636e+11
6,21,71,2,39.5889,3000,9,13,3500,1.13751e+11
6,21,71,2,39.5889,3000,9,14,3625,8.12919e+10
6,21,71,2,39.5889,3000,9,15,3750,4.49035e+10
6,21,71,2,39.5889,3000,9,16,3875,1.95446e+10
6,21,71,2,39.5889,3000,9,17,4000,1.38544e+10
6,21,71,2,39.5889,3000,9,18,4125,1.41996e+10
