scan_id,prn,system_char,channel,secondary_code_length,call_index,corr_value
0,5,69,4,25,0,11
0,5,69,4,25,1,-3
0,5,69,4,25,2,-3
0,5,69,4,25,3,3
0,5,69,4,25,4,1
0,5,69,4,25,5,1
0,5,69,4,25,6,1
0,5,69,4,25,7,-1
0,5,69,4,25,8,-5
0,5,69,4,25,9,7
0,5,69,4,25,10,1
0,5,69,4,25,11,-7
0,5,69,4,25,12,9
0,5,69,4,25,13,5
0,5,69,4,25,14,-3
0,5,69,4,25,15,-3
0,5,69,4,25,16,-3
0,5,69,4,25,17,-5
0,5,69,4,25,18,1
0,5,69,4,25,19,-1
0,5,69,4,25,20,5
0,5,69,4,25,21,-5
0,5,69,4,25,22,7
0,5,69,4,25,23,1
0,5,69,4,25,24,7
0,5,69,4,25,25,11
0,5,69,4,25,26,-3
0,5,69,4,25,27,-3
0,5,69,4,25,28,3
0,5,69,4,25,29,1
0,5,69,4,25,30,1
0,5,69,4,25,31,1
0,5,69,4,25,32,-1
0,5,69,4,25,33,-5
0,5,69,4,25,34,7
0,5,69,4,25,35,1
0,5,69,4,25,36,-7
0,5,69,4,25,37,9
0,5,69,4,25,38,5
0,5,69,4,25,39,-3
0,5,69,4,25,40,-3
0,5,69,4,25,41,-3
0,5,69,4,25,42,-5
0,5,69,4,25,43,1
0,5,69,4,25,44,-1
0,5,69,4,25,45,5
0,5,69,4,25,46,-5
0,5,69,4,25,47,7
0,5,69,4,25,48,1
0,5,69,4,25,49,7
0,5,69,4,25,50,11
0,5,69,4,25,51,-3
0,5,69,4,25,52,-3
0,5,69,4,25,53,3
0,5,69,4,25,54,1
0,5,69,4,25,55,1
0,5,69,4,25,56,1
0,5,69,4,25,57,-1
0,5,69,4,25,58,-5
0,5,69,4,25,59,7
0,5,69,4,25,60,1
0,5,69,4,25,61,-7
0,5,69,4,25,62,9
0,5,69,4,25,63,5
0,5,69,4,25,64,-3
0,5,69,4,25,65,-3
0,5,69,4,25,66,-3
0,5,69,4,25,67,-5
0,5,69,4,25,68,1
0,5,69,4,25,69,-1
0,5,69,4,25,70,5
0,5,69,4,25,71,-5
0,5,69,4,25,72,7
0,5,69,4,25,73,1
0,5,69,4,25,74,7
0,5,69,4,25,75,11
0,5,69,4,25,76,-3
0,5,69,4,25,77,-3
0,5,69,4,25,78,3
0,5,69,4,25,79,1
0,5,69,4,25,80,1
0,5,69,4,25,81,1
0,5,69,4,25,82,-1
0,5,69,4,25,83,-5
0,5,69,4,25,84,7
0,5,69,4,25,85,1
0,5,69,4,25,86,-7
0,5,69,4,25,87,9
0,5,69,4,25,88,5
0,5,69,4,25,89,-3
0,5,69,4,25,90,-3
0,5,69,4,25,91,-3
0,5,69,4,25,92,-5
0,5,69,4,25,93,1
0,5,69,4,25,94,-1
0,5,69,4,25,95,5
0,5,69,4,25,96,-5
0,5,69,4,25,97,7
0,5,69,4,25,98,1
0,5,69,4,25,99,7
0,5,69,4,25,100,11
0,5,69,4,25,101,-3
0,5,69,4,25,102,-3
0,5,69,4,25,103,3
0,5,69,4,25,104,1
0,5,69,4,25,105,1
0,5,69,4,25,106,1
0,5,69,4,25,107,-1
0,5,69,4,25,108,-5
0,5,69,4,25,109,7
0,5,69,4,25,110,1
0,5,69,4,25,111,-7
0,5,69,4,25,112,9
0,5,69,4,25,113,5
0,5,69,4,25,114,-3
0,5,69,4,25,115,-3
0,5,69,4,25,116,-3
0,5,69,4,25,117,-5
0,5,69,4,25,118,1
0,5,69,4,25,119,-1
0,5,69,4,25,120,5
0,5,69,4,25,121,-5
0,5,69,4,25,122,7
0,5,69,4,25,123,1
0,5,69,4,25,124,7
0,5,69,4,25,125,11
0,5,69,4,25,126,-3
0,5,69,4,25,127,-3
0,5,69,4,25,128,3
0,5,69,4,25,129,1
0,5,69,4,25,130,1
0,5,69,4,25,131,1
0,5,69,4,25,132,-1
0,5,69,4,25,133,-5
0,5,69,4,25,134,7
0,5,69,4,25,135,1
0,5,69,4,25,136,-7
0,5,69,4,25,137,9
0,5,69,4,25,138,5
0,5,69,4,25,139,-3
0,5,69,4,25,140,-3
0,5,69,4,25,141,-3
0,5,69,4,25,142,-5
0,5,69,4,25,143,1
0,5,69,4,25,144,-1
0,5,69,4,25,145,5
0,5,69,4,25,146,-5
0,5,69,4,25,147,7
0,5,69,4,25,148,1
0,5,69,4,25,149,7
0,5,69,4,25,150,11
0,5,69,4,25,151,-3
0,5,69,4,25,152,-3
0,5,69,4,25,153,3
0,5,69,4,25,154,1
0,5,69,4,25,155,1
0,5,69,4,25,156,1
0,5,69,4,25,157,-1
0,5,69,4,25,158,-5
0,5,69,4,25,159,7
0,5,69,4,25,160,1
0,5,69,4,25,161,-7
0,5,69,4,25,162,9
0,5,69,4,25,163,5
0,5,69,4,25,164,-3
0,5,69,4,25,165,-3
0,5,69,4,25,166,-3
0,5,69,4,25,167,-5
0,5,69,4,25,168,1
0,5,69,4,25,169,-1
0,5,69,4,25,170,5
0,5,69,4,25,171,-5
0,5,69,4,25,172,7
0,5,69,4,25,173,1
0,5,69,4,25,174,7
0,5,69,4,25,175,11
0,5,69,4,25,176,-3
0,5,69,4,25,177,-3
0,5,69,4,25,178,3
0,5,69,4,25,179,1
0,5,69,4,25,180,1
0,5,69,4,25,181,1
0,5,69,4,25,182,-1
0,5,69,4,25,183,-5
0,5,69,4,25,184,7
0,5,69,4,25,185,1
0,5,69,4,25,186,-7
0,5,69,4,25,187,9
0,5,69,4,25,188,5
0,5,69,4,25,189,-3
0,5,69,4,25,190,-3
0,5,69,4,25,191,-3
0,5,69,4,25,192,-5
0,5,69,4,25,193,1
0,5,69,4,25,194,-1
0,5,69,4,25,195,5
0,5,69,4,25,196,-5
0,5,69,4,25,197,7
0,5,69,4,25,198,1
0,5,69,4,25,199,7
0,5,69,4,25,200,11
0,5,69,4,25,201,-3
0,5,69,4,25,202,-3
0,5,69,4,25,203,3
0,5,69,4,25,204,1
0,5,69,4,25,205,1
0,5,69,4,25,206,1
0,5,69,4,25,207,-1
0,5,69,4,25,208,-5
0,5,69,4,25,209,7
0,5,69,4,25,210,1
0,5,69,4,25,211,-7
0,5,69,4,25,212,9
0,5,69,4,25,213,5
0,5,69,4,25,214,-3
0,5,69,4,25,215,-3
0,5,69,4,25,216,-3
0,5,69,4,25,217,-5
0,5,69,4,25,218,1
0,5,69,4,25,219,-1
0,5,69,4,25,220,5
0,5,69,4,25,221,-5
0,5,69,4,25,222,7
0,5,69,4,25,223,1
0,5,69,4,25,224,7
0,5,69,4,25,225,11
0,5,69,4,25,226,-3
0,5,69,4,25,227,-3
0,5,69,4,25,228,3
0,5,69,4,25,229,1
0,5,69,4,25,230,1
0,5,69,4,25,231,1
0,5,69,4,25,232,-1
0,5,69,4,25,233,-5
0,5,69,4,25,234,7
0,5,69,4,25,235,1
0,5,69,4,25,236,-7
0,5,69,4,25,237,9
0,5,69,4,25,238,5
0,5,69,4,25,239,-3
0,5,69,4,25,240,-3
0,5,69,4,25,241,-3
0,5,69,4,25,242,-5
0,5,69,4,25,243,1
0,5,69,4,25,244,-1
0,5,69,4,25,245,5
0,5,69,4,25,246,-5
0,5,69,4,25,247,7
0,5,69,4,25,248,1
0,5,69,4,25,249,7
0,5,69,4,25,250,11
0,5,69,4,25,251,-3
0,5,69,4,25,252,-3
0,5,69,4,25,253,3
0,5,69,4,25,254,1
0,5,69,4,25,255,1
0,5,69,4,25,256,1
0,5,69,4,25,257,-1
0,5,69,4,25,258,-5
0,5,69,4,25,259,7
0,5,69,4,25,260,1
0,5,69,4,25,261,-7
0,5,69,4,25,262,9
0,5,69,4,25,263,5
0,5,69,4,25,264,-3
0,5,69,4,25,265,-3
0,5,69,4,25,266,-3
0,5,69,4,25,267,-5
0,5,69,4,25,268,1
0,5,69,4,25,269,-1
0,5,69,4,25,270,5
0,5,69,4,25,271,-5
0,5,69,4,25,272,7
0,5,69,4,25,273,1
0,5,69,4,25,274,7
0,5,69,4,25,275,11
0,5,69,4,25,276,-3
0,5,69,4,25,277,-3
0,5,69,4,25,278,3
0,5,69,4,25,279,1
0,5,69,4,25,280,1
0,5,69,4,25,281,1
0,5,69,4,25,282,-1
0,5,69,4,25,283,-5
0,5,69,4,25,284,7
0,5,69,4,25,285,1
0,5,69,4,25,286,-7
0,5,69,4,25,287,9
0,5,69,4,25,288,5
0,5,69,4,25,289,-3
0,5,69,4,25,290,-3
0,5,69,4,25,291,-3
0,5,69,4,25,292,-5
0,5,69,4,25,293,1
0,5,69,4,25,294,-1
0,5,69,4,25,295,5
0,5,69,4,25,296,-5
0,5,69,4,25,297,7
0,5,69,4,25,298,1
0,5,69,4,25,299,7
0,5,69,4,25,300,11
0,5,69,4,25,301,-3
0,5,69,4,25,302,-3
0,5,69,4,25,303,3
0,5,69,4,25,304,1
0,5,69,4,25,305,1
0,5,69,4,25,306,1
0,5,69,4,25,307,-1
0,5,69,4,25,308,-5
0,5,69,4,25,309,7
0,5,69,4,25,310,1
0,5,69,4,25,311,-7
0,5,69,4,25,312,9
0,5,69,4,25,313,5
0,5,69,4,25,314,-3
0,5,69,4,25,315,-3
0,5,69,4,25,316,-3
0,5,69,4,25,317,-5
0,5,69,4,25,318,1
0,5,69,4,25,319,-1
0,5,69,4,25,320,5
0,5,69,4,25,321,-5
0,5,69,4,25,322,7
0,5,69,4,25,323,1
0,5,69,4,25,324,7
0,5,69,4,25,325,11
0,5,69,4,25,326,-3
0,5,69,4,25,327,-3
0,5,69,4,25,328,3
0,5,69,4,25,329,1
0,5,69,4,25,330,1
0,5,69,4,25,331,1
0,5,69,4,25,332,-1
0,5,69,4,25,333,-5
0,5,69,4,25,334,7
0,5,69,4,25,335,1
0,5,69,4,25,336,-7
0,5,69,4,25,337,9
0,5,69,4,25,338,5
0,5,69,4,25,339,-3
0,5,69,4,25,340,-3
0,5,69,4,25,341,-3
0,5,69,4,25,342,-5
0,5,69,4,25,343,1
0,5,69,4,25,344,-1
0,5,69,4,25,345,5
0,5,69,4,25,346,-5
0,5,69,4,25,347,7
0,5,69,4,25,348,1
0,5,69,4,25,349,7
0,5,69,4,25,350,11
0,5,69,4,25,351,-3
0,5,69,4,25,352,-3
0,5,69,4,25,353,3
0,5,69,4,25,354,1
0,5,69,4,25,355,1
0,5,69,4,25,356,1
0,5,69,4,25,357,-1
0,5,69,4,25,358,-5
0,5,69,4,25,359,7
0,5,69,4,25,360,1
0,5,69,4,25,361,-7
0,5,69,4,25,362,9
0,5,69,4,25,363,5
0,5,69,4,25,364,-3
0,5,69,4,25,365,-3
0,5,69,4,25,366,-3
0,5,69,4,25,367,-5
0,5,69,4,25,368,1
0,5,69,4,25,369,-1
0,5,69,4,25,370,5
0,5,69,4,25,371,-5
0,5,69,4,25,372,7
0,5,69,4,25,373,1
0,5,69,4,25,374,7
0,5,69,4,25,375,11
0,5,69,4,25,376,-3
0,5,69,4,25,377,-3
0,5,69,4,25,378,3
0,5,69,4,25,379,1
0,5,69,4,25,380,1
0,5,69,4,25,381,1
0,5,69,4,25,382,-1
0,5,69,4,25,383,-5
0,5,69,4,25,384,7
0,5,69,4,25,385,1
0,5,69,4,25,386,-7
0,5,69,4,25,387,9
0,5,69,4,25,388,5
0,5,69,4,25,389,-3
0,5,69,4,25,390,-3
0,5,69,4,25,391,-3
0,5,69,4,25,392,-5
0,5,69,4,25,393,1
0,5,69,4,25,394,-1
0,5,69,4,25,395,5
0,5,69,4,25,396,-5
0,5,69,4,25,397,7
0,5,69,4,25,398,1
0,5,69,4,25,399,7
0,5,69,4,25,400,11
0,5,69,4,25,401,-3
0,5,69,4,25,402,-3
0,5,69,4,25,403,3
0,5,69,4,25,404,1
0,5,69,4,25,405,1
0,5,69,4,25,406,1
0,5,69,4,25,407,-1
0,5,69,4,25,408,-5
0,5,69,4,25,409,7
0,5,69,4,25,410,1
0,5,69,4,25,411,-7
0,5,69,4,25,412,9
0,5,69,4,25,413,5
0,5,69,4,25,414,-3
0,5,69,4,25,415,-3
0,5,69,4,25,416,-3
0,5,69,4,25,417,-5
0,5,69,4,25,418,1
0,5,69,4,25,419,-1
0,5,69,4,25,420,5
0,5,69,4,25,421,-5
0,5,69,4,25,422,7
0,5,69,4,25,423,1
0,5,69,4,25,424,7
0,5,69,4,25,425,11
0,5,69,4,25,426,-3
0,5,69,4,25,427,-3
0,5,69,4,25,428,3
0,5,69,4,25,429,1
0,5,69,4,25,430,1
0,5,69,4,25,431,1
0,5,69,4,25,432,-1
0,5,69,4,25,433,-5
0,5,69,4,25,434,7
0,5,69,4,25,435,1
0,5,69,4,25,436,-7
0,5,69,4,25,437,9
0,5,69,4,25,438,5
0,5,69,4,25,439,-3
0,5,69,4,25,440,-3
0,5,69,4,25,441,-3
0,5,69,4,25,442,-5
0,5,69,4,25,443,1
0,5,69,4,25,444,-1
0,5,69,4,25,445,5
0,5,69,4,25,446,-5
0,5,69,4,25,447,7
0,5,69,4,25,448,1
0,5,69,4,25,449,7
0,5,69,4,25,450,11
0,5,69,4,25,451,-3
0,5,69,4,25,452,-3
0,5,69,4,25,453,3
0,5,69,4,25,454,1
0,5,69,4,25,455,1
0,5,69,4,25,456,1
0,5,69,4,25,457,-1
0,5,69,4,25,458,-5
0,5,69,4,25,459,7
0,5,69,4,25,460,1
0,5,69,4,25,461,-7
0,5,69,4,25,462,9
0,5,69,4,25,463,5
0,5,69,4,25,464,-3
0,5,69,4,25,465,-3
0,5,69,4,25,466,-3
0,5,69,4,25,467,-5
0,5,69,4,25,468,1
0,5,69,4,25,469,-1
0,5,69,4,25,470,5
0,5,69,4,25,471,-5
0,5,69,4,25,472,7
0,5,69,4,25,473,1
0,5,69,4,25,474,7
0,5,69,4,25,475,11
0,5,69,4,25,476,-3
0,5,69,4,25,477,-3
0,5,69,4,25,478,3
0,5,69,4,25,479,1
0,5,69,4,25,480,1
0,5,69,4,25,481,1
0,5,69,4,25,482,-1
0,5,69,4,25,483,-5
0,5,69,4,25,484,7
0,5,69,4,25,485,1
0,5,69,4,25,486,-7
0,5,69,4,25,487,9
0,5,69,4,25,488,5
0,5,69,4,25,489,-3
0,5,69,4,25,490,-3
0,5,69,4,25,491,-3
0,5,69,4,25,492,-5
0,5,69,4,25,493,1
0,5,69,4,25,494,-1
0,5,69,4,25,495,5
0,5,69,4,25,496,-5
0,5,69,4,25,497,7
0,5,69,4,25,498,1
0,5,69,4,25,499,7
0,5,69,4,25,500,11
0,5,69,4,25,501,-3
0,5,69,4,25,502,-3
0,5,69,4,25,503,3
0,5,69,4,25,504,1
0,5,69,4,25,505,1
0,5,69,4,25,506,1
0,5,69,4,25,507,-1
0,5,69,4,25,508,-5
0,5,69,4,25,509,7
0,5,69,4,25,510,1
0,5,69,4,25,511,-7
0,5,69,4,25,512,9
0,5,69,4,25,513,5
0,5,69,4,25,514,-3
0,5,69,4,25,515,-3
0,5,69,4,25,516,-3
0,5,69,4,25,517,-5
0,5,69,4,25,518,1
0,5,69,4,25,519,-1
0,5,69,4,25,520,5
0,5,69,4,25,521,-5
0,5,69,4,25,522,7
0,5,69,4,25,523,1
0,5,69,4,25,524,7
0,5,69,4,25,525,11
0,5,69,4,25,526,-3
0,5,69,4,25,527,-3
0,5,69,4,25,528,3
0,5,69,4,25,529,1
0,5,69,4,25,530,1
0,5,69,4,25,531,1
0,5,69,4,25,532,-1
0,5,69,4,25,533,-5
0,5,69,4,25,534,7
0,5,69,4,25,535,1
0,5,69,4,25,536,-7
0,5,69,4,25,537,9
0,5,69,4,25,538,5
0,5,69,4,25,539,-3
0,5,69,4,25,540,-3
0,5,69,4,25,541,-3
0,5,69,4,25,542,-5
0,5,69,4,25,543,1
0,5,69,4,25,544,-1
0,5,69,4,25,545,5
0,5,69,4,25,546,-5
0,5,69,4,25,547,7
0,5,69,4,25,548,1
0,5,69,4,25,549,7
0,5,69,4,25,550,11
0,5,69,4,25,551,-3
0,5,69,4,25,552,-3
0,5,69,4,25,553,3
0,5,69,4,25,554,1
0,5,69,4,25,555,1
0,5,69,4,25,556,1
0,5,69,4,25,557,-1
0,5,69,4,25,558,-5
0,5,69,4,25,559,7
0,5,69,4,25,560,1
0,5,69,4,25,561,-7
0,5,69,4,25,562,9
0,5,69,4,25,563,5
0,5,69,4,25,564,-3
0,5,69,4,25,565,-3
0,5,69,4,25,566,-3
0,5,69,4,25,567,-5
0,5,69,4,25,568,1
0,5,69,4,25,569,-1
0,5,69,4,25,570,5
0,5,69,4,25,571,-5
0,5,69,4,25,572,7
0,5,69,4,25,573,1
0,5,69,4,25,574,7
0,5,69,4,25,575,11
0,5,69,4,25,576,-3
0,5,69,4,25,577,-3
0,5,69,4,25,578,3
0,5,69,4,25,579,1
0,5,69,4,25,580,1
0,5,69,4,25,581,1
0,5,69,4,25,582,-1
0,5,69,4,25,583,-5
0,5,69,4,25,584,7
0,5,69,4,25,585,1
0,5,69,4,25,586,-7
0,5,69,4,25,587,9
0,5,69,4,25,588,5
0,5,69,4,25,589,-3
0,5,69,4,25,590,-3
0,5,69,4,25,591,-3
0,5,69,4,25,592,-5
0,5,69,4,25,593,1
0,5,69,4,25,594,-1
0,5,69,4,25,595,5
0,5,69,4,25,596,-5
0,5,69,4,25,597,7
0,5,69,4,25,598,1
0,5,69,4,25,599,7
0,5,69,4,25,600,11
0,5,69,4,25,601,-3
0,5,69,4,25,602,-3
0,5,69,4,25,603,3
0,5,69,4,25,604,1
0,5,69,4,25,605,1
0,5,69,4,25,606,1
0,5,69,4,25,607,-1
0,5,69,4,25,608,-5
0,5,69,4,25,609,7
0,5,69,4,25,610,1
0,5,69,4,25,611,-7
0,5,69,4,25,612,9
0,5,69,4,25,613,5
0,5,69,4,25,614,-3
0,5,69,4,25,615,-3
0,5,69,4,25,616,-3
0,5,69,4,25,617,-5
0,5,69,4,25,618,1
0,5,69,4,25,619,-1
0,5,69,4,25,620,5
0,5,69,4,25,621,-5
0,5,69,4,25,622,7
0,5,69,4,25,623,1
0,5,69,4,25,624,7
0,5,69,4,25,625,11
0,5,69,4,25,626,-3
0,5,69,4,25,627,-3
0,5,69,4,25,628,3
0,5,69,4,25,629,1
0,5,69,4,25,630,1
0,5,69,4,25,631,1
0,5,69,4,25,632,-1
0,5,69,4,25,633,-5
0,5,69,4,25,634,7
0,5,69,4,25,635,1
0,5,69,4,25,636,-7
0,5,69,4,25,637,9
0,5,69,4,25,638,5
0,5,69,4,25,639,-3
0,5,69,4,25,640,-3
0,5,69,4,25,641,-3
0,5,69,4,25,642,-5
0,5,69,4,25,643,1
0,5,69,4,25,644,-1
0,5,69,4,25,645,5
0,5,69,4,25,646,-5
0,5,69,4,25,647,7
0,5,69,4,25,648,1
0,5,69,4,25,649,7
0,5,69,4,25,650,11
0,5,69,4,25,651,-3
0,5,69,4,25,652,-3
0,5,69,4,25,653,3
0,5,69,4,25,654,1
0,5,69,4,25,655,1
0,5,69,4,25,656,1
0,5,69,4,25,657,-1
0,5,69,4,25,658,-5
0,5,69,4,25,659,7
0,5,69,4,25,660,1
0,5,69,4,25,661,-7
0,5,69,4,25,662,9
0,5,69,4,25,663,5
0,5,69,4,25,664,-3
0,5,69,4,25,665,-3
0,5,69,4,25,666,-3
0,5,69,4,25,667,-5
0,5,69,4,25,668,1
0,5,69,4,25,669,-1
0,5,69,4,25,670,5
0,5,69,4,25,671,-5
0,5,69,4,25,672,7
0,5,69,4,25,673,1
0,5,69,4,25,674,7
0,5,69,4,25,675,11
0,5,69,4,25,676,-3
0,5,69,4,25,677,-3
0,5,69,4,25,678,3
0,5,69,4,25,679,1
0,5,69,4,25,680,1
0,5,69,4,25,681,1
0,5,69,4,25,682,-1
0,5,69,4,25,683,-5
0,5,69,4,25,684,7
0,5,69,4,25,685,1
0,5,69,4,25,686,-7
0,5,69,4,25,687,9
0,5,69,4,25,688,5
0,5,69,4,25,689,-3
0,5,69,4,25,690,-3
0,5,69,4,25,691,-3
0,5,69,4,25,692,-5
0,5,69,4,25,693,1
0,5,69,4,25,694,-1
0,5,69,4,25,695,5
0,5,69,4,25,696,-5
0,5,69,4,25,697,7
0,5,69,4,25,698,1
0,5,69,4,25,699,7
0,5,69,4,25,700,11
0,5,69,4,25,701,-3
0,5,69,4,25,702,-3
0,5,69,4,25,703,3
0,5,69,4,25,704,1
0,5,69,4,25,705,1
0,5,69,4,25,706,1
0,5,69,4,25,707,-1
0,5,69,4,25,708,-5
0,5,69,4,25,709,7
0,5,69,4,25,710,1
0,5,69,4,25,711,-7
0,5,69,4,25,712,9
0,5,69,4,25,713,5
0,5,69,4,25,714,-3
0,5,69,4,25,715,-3
0,5,69,4,25,716,-3
0,5,69,4,25,717,-5
0,5,69,4,25,718,1
0,5,69,4,25,719,-1
0,5,69,4,25,720,5
0,5,69,4,25,721,-5
0,5,69,4,25,722,7
0,5,69,4,25,723,1
0,5,69,4,25,724,7
0,5,69,4,25,725,11
0,5,69,4,25,726,-3
0,5,69,4,25,727,-3
0,5,69,4,25,728,3
0,5,69,4,25,729,1
0,5,69,4,25,730,1
0,5,69,4,25,731,1
0,5,69,4,25,732,-1
0,5,69,4,25,733,-5
0,5,69,4,25,734,7
0,5,69,4,25,735,1
0,5,69,4,25,736,-7
0,5,69,4,25,737,9
0,5,69,4,25,738,5
0,5,69,4,25,739,-3
0,5,69,4,25,740,-3
0,5,69,4,25,741,-3
0,5,69,4,25,742,-5
0,5,69,4,25,743,1
0,5,69,4,25,744,-1
0,5,69,4,25,745,5
0,5,69,4,25,746,-5
0,5,69,4,25,747,7
0,5,69,4,25,748,1
0,5,69,4,25,749,7
0,5,69,4,25,750,11
0,5,69,4,25,751,-3
0,5,69,4,25,752,-3
0,5,69,4,25,753,3
0,5,69,4,25,754,1
0,5,69,4,25,755,1
0,5,69,4,25,756,1
0,5,69,4,25,757,-1
0,5,69,4,25,758,-5
0,5,69,4,25,759,7
0,5,69,4,25,760,1
0,5,69,4,25,761,-7
0,5,69,4,25,762,9
0,5,69,4,25,763,5
0,5,69,4,25,764,-3
0,5,69,4,25,765,-3
0,5,69,4,25,766,-3
0,5,69,4,25,767,-5
0,5,69,4,25,768,1
0,5,69,4,25,769,-1
0,5,69,4,25,770,5
0,5,69,4,25,771,-5
0,5,69,4,25,772,7
0,5,69,4,25,773,1
0,5,69,4,25,774,7
0,5,69,4,25,775,11
0,5,69,4,25,776,-3
0,5,69,4,25,777,-3
0,5,69,4,25,778,3
0,5,69,4,25,779,1
0,5,69,4,25,780,1
0,5,69,4,25,781,1
0,5,69,4,25,782,-1
0,5,69,4,25,783,-5
0,5,69,4,25,784,7
0,5,69,4,25,785,1
0,5,69,4,25,786,-7
0,5,69,4,25,787,9
0,5,69,4,25,788,5
0,5,69,4,25,789,-3
0,5,69,4,25,790,-3
0,5,69,4,25,791,-3
0,5,69,4,25,792,-5
0,5,69,4,25,793,1
0,5,69,4,25,794,-1
0,5,69,4,25,795,5
0,5,69,4,25,796,-5
0,5,69,4,25,797,7
0,5,69,4,25,798,1
0,5,69,4,25,799,7
0,5,69,4,25,800,11
0,5,69,4,25,801,-3
0,5,69,4,25,802,-3
0,5,69,4,25,803,3
0,5,69,4,25,804,1
0,5,69,4,25,805,1
0,5,69,4,25,806,1
0,5,69,4,25,807,-1
0,5,69,4,25,808,-5
0,5,69,4,25,809,7
0,5,69,4,25,810,1
0,5,69,4,25,811,-7
0,5,69,4,25,812,9
0,5,69,4,25,813,5
0,5,69,4,25,814,-3
0,5,69,4,25,815,-3
0,5,69,4,25,816,-3
0,5,69,4,25,817,-5
0,5,69,4,25,818,1
0,5,69,4,25,819,-1
0,5,69,4,25,820,5
0,5,69,4,25,821,-5
0,5,69,4,25,822,7
0,5,69,4,25,823,1
0,5,69,4,25,824,7
0,5,69,4,25,825,11
0,5,69,4,25,826,-3
0,5,69,4,25,827,-3
0,5,69,4,25,828,3
0,5,69,4,25,829,1
0,5,69,4,25,830,1
0,5,69,4,25,831,1
0,5,69,4,25,832,-1
0,5,69,4,25,833,-5
0,5,69,4,25,834,7
0,5,69,4,25,835,1
0,5,69,4,25,836,-7
0,5,69,4,25,837,9
0,5,69,4,25,838,5
0,5,69,4,25,839,-3
0,5,69,4,25,840,-3
0,5,69,4,25,841,-3
0,5,69,4,25,842,-5
0,5,69,4,25,843,1
0,5,69,4,25,844,-1
0,5,69,4,25,845,5
0,5,69,4,25,846,-5
0,5,69,4,25,847,7
0,5,69,4,25,848,1
0,5,69,4,25,849,7
0,5,69,4,25,850,11
0,5,69,4,25,851,-3
0,5,69,4,25,852,-3
0,5,69,4,25,853,3
0,5,69,4,25,854,1
0,5,69,4,25,855,1
0,5,69,4,25,856,1
0,5,69,4,25,857,-1
0,5,69,4,25,858,-5
0,5,69,4,25,859,7
0,5,69,4,25,860,1
0,5,69,4,25,861,-7
0,5,69,4,25,862,9
0,5,69,4,25,863,5
0,5,69,4,25,864,-3
0,5,69,4,25,865,-3
0,5,69,4,25,866,-3
0,5,69,4,25,867,-5
0,5,69,4,25,868,1
0,5,69,4,25,869,-1
0,5,69,4,25,870,5
0,5,69,4,25,871,-5
0,5,69,4,25,872,7
0,5,69,4,25,873,1
0,5,69,4,25,874,7
0,5,69,4,25,875,11
0,5,69,4,25,876,-3
0,5,69,4,25,877,-3
0,5,69,4,25,878,3
0,5,69,4,25,879,1
0,5,69,4,25,880,1
0,5,69,4,25,881,1
0,5,69,4,25,882,-1
0,5,69,4,25,883,-5
0,5,69,4,25,884,7
0,5,69,4,25,885,1
0,5,69,4,25,886,-7
0,5,69,4,25,887,9
0,5,69,4,25,888,5
0,5,69,4,25,889,-3
0,5,69,4,25,890,-3
0,5,69,4,25,891,-3
0,5,69,4,25,892,-5
0,5,69,4,25,893,1
0,5,69,4,25,894,-1
0,5,69,4,25,895,5
0,5,69,4,25,896,-5
0,5,69,4,25,897,7
0,5,69,4,25,898,1
0,5,69,4,25,899,7
0,5,69,4,25,900,11
0,5,69,4,25,901,-3
0,5,69,4,25,902,-3
0,5,69,4,25,903,3
0,5,69,4,25,904,1
0,5,69,4,25,905,1
0,5,69,4,25,906,1
0,5,69,4,25,907,-1
0,5,69,4,25,908,-5
0,5,69,4,25,909,7
0,5,69,4,25,910,1
0,5,69,4,25,911,-7
0,5,69,4,25,912,9
0,5,69,4,25,913,5
0,5,69,4,25,914,-3
0,5,69,4,25,915,-3
0,5,69,4,25,916,-3
0,5,69,4,25,917,-5
0,5,69,4,25,918,1
0,5,69,4,25,919,-1
0,5,69,4,25,920,5
0,5,69,4,25,921,-5
0,5,69,4,25,922,7
0,5,69,4,25,923,1
0,5,69,4,25,924,7
0,5,69,4,25,925,11
0,5,69,4,25,926,-3
0,5,69,4,25,927,-3
0,5,69,4,25,928,3
0,5,69,4,25,929,1
0,5,69,4,25,930,1
0,5,69,4,25,931,1
0,5,69,4,25,932,-1
0,5,69,4,25,933,-5
0,5,69,4,25,934,7
0,5,69,4,25,935,1
0,5,69,4,25,936,-7
0,5,69,4,25,937,9
0,5,69,4,25,938,5
0,5,69,4,25,939,-3
0,5,69,4,25,940,-3
0,5,69,4,25,941,-3
0,5,69,4,25,942,-5
0,5,69,4,25,943,1
0,5,69,4,25,944,-1
0,5,69,4,25,945,5
0,5,69,4,25,946,-5
0,5,69,4,25,947,7
0,5,69,4,25,948,1
0,5,69,4,25,949,7
0,5,69,4,25,950,11
0,5,69,4,25,951,-3
0,5,69,4,25,952,-3
0,5,69,4,25,953,3
0,5,69,4,25,954,1
0,5,69,4,25,955,1
0,5,69,4,25,956,1
0,5,69,4,25,957,-1
0,5,69,4,25,958,-5
0,5,69,4,25,959,7
0,5,69,4,25,960,1
0,5,69,4,25,961,-7
0,5,69,4,25,962,9
0,5,69,4,25,963,5
0,5,69,4,25,964,-3
0,5,69,4,25,965,-3
0,5,69,4,25,966,-3
0,5,69,4,25,967,-5
0,5,69,4,25,968,1
0,5,69,4,25,969,-1
0,5,69,4,25,970,5
0,5,69,4,25,971,-5
0,5,69,4,25,972,7
0,5,69,4,25,973,1
0,5,69,4,25,974,7
0,5,69,4,25,975,11
0,5,69,4,25,976,-3
0,5,69,4,25,977,-3
0,5,69,4,25,978,3
0,5,69,4,25,979,1
0,5,69,4,25,980,1
0,5,69,4,25,981,1
0,5,69,4,25,982,-1
0,5,69,4,25,983,-5
0,5,69,4,25,984,7
0,5,69,4,25,985,1
0,5,69,4,25,986,-7
0,5,69,4,25,987,9
0,5,69,4,25,988,5
0,5,69,4,25,989,-3
0,5,69,4,25,990,-3
0,5,69,4,25,991,-3
0,5,69,4,25,992,-5
0,5,69,4,25,993,1
0,5,69,4,25,994,-1
0,5,69,4,25,995,5
0,5,69,4,25,996,-5
0,5,69,4,25,997,7
0,5,69,4,25,998,1
0,5,69,4,25,999,7
0,5,69,4,25,1000,11
0,5,69,4,25,1001,-3
0,5,69,4,25,1002,-3
0,5,69,4,25,1003,3
0,5,69,4,25,1004,1
0,5,69,4,25,1005,1
0,5,69,4,25,1006,1
0,5,69,4,25,1007,-1
0,5,69,4,25,1008,-5
0,5,69,4,25,1009,7
0,5,69,4,25,1010,1
0,5,69,4,25,1011,-7
0,5,69,4,25,1012,9
0,5,69,4,25,1013,5
0,5,69,4,25,1014,-3
0,5,69,4,25,1015,-3
0,5,69,4,25,1016,-3
0,5,69,4,25,1017,-5
0,5,69,4,25,1018,1
0,5,69,4,25,1019,-1
0,5,69,4,25,1020,5
0,5,69,4,25,1021,-5
0,5,69,4,25,1022,7
0,5,69,4,25,1023,1
0,5,69,4,25,1024,7
0,5,69,4,25,1025,11
0,5,69,4,25,1026,-3
0,5,69,4,25,1027,-3
0,5,69,4,25,1028,3
0,5,69,4,25,1029,1
0,5,69,4,25,1030,1
0,5,69,4,25,1031,1
0,5,69,4,25,1032,-1
0,5,69,4,25,1033,-5
0,5,69,4,25,1034,7
0,5,69,4,25,1035,1
0,5,69,4,25,1036,-7
0,5,69,4,25,1037,9
0,5,69,4,25,1038,5
0,5,69,4,25,1039,-3
0,5,69,4,25,1040,-3
0,5,69,4,25,1041,-3
0,5,69,4,25,1042,-5
0,5,69,4,25,1043,1
0,5,69,4,25,1044,-1
0,5,69,4,25,1045,5
0,5,69,4,25,1046,-5
0,5,69,4,25,1047,7
0,5,69,4,25,1048,1
0,5,69,4,25,1049,7
0,5,69,4,25,1050,11
0,5,69,4,25,1051,-3
0,5,69,4,25,1052,-3
0,5,69,4,25,1053,3
0,5,69,4,25,1054,1
0,5,69,4,25,1055,1
0,5,69,4,25,1056,1
0,5,69,4,25,1057,-1
0,5,69,4,25,1058,-5
0,5,69,4,25,1059,7
0,5,69,4,25,1060,1
0,5,69,4,25,1061,-7
0,5,69,4,25,1062,9
0,5,69,4,25,1063,5
0,5,69,4,25,1064,-3
0,5,69,4,25,1065,-3
0,5,69,4,25,1066,-3
0,5,69,4,25,1067,-5
0,5,69,4,25,1068,1
0,5,69,4,25,1069,-1
0,5,69,4,25,1070,5
0,5,69,4,25,1071,-5
0,5,69,4,25,1072,7
0,5,69,4,25,1073,1
0,5,69,4,25,1074,7
0,5,69,4,25,1075,11
0,5,69,4,25,1076,-3
0,5,69,4,25,1077,-3
0,5,69,4,25,1078,3
0,5,69,4,25,1079,1
0,5,69,4,25,1080,1
0,5,69,4,25,1081,1
0,5,69,4,25,1082,-1
0,5,69,4,25,1083,-5
0,5,69,4,25,1084,7
0,5,69,4,25,1085,1
0,5,69,4,25,1086,-7
0,5,69,4,25,1087,9
0,5,69,4,25,1088,5
0,5,69,4,25,1089,-3
0,5,69,4,25,1090,-3
0,5,69,4,25,1091,-3
0,5,69,4,25,1092,-5
0,5,69,4,25,1093,1
0,5,69,4,25,1094,-1
0,5,69,4,25,1095,5
0,5,69,4,25,1096,-5
0,5,69,4,25,1097,7
0,5,69,4,25,1098,1
0,5,69,4,25,1099,7
0,5,69,4,25,1100,11
0,5,69,4,25,1101,-3
0,5,69,4,25,1102,-3
0,5,69,4,25,1103,3
0,5,69,4,25,1104,1
0,5,69,4,25,1105,1
0,5,69,4,25,1106,1
0,5,69,4,25,1107,-1
0,5,69,4,25,1108,-5
0,5,69,4,25,1109,7
0,5,69,4,25,1110,1
0,5,69,4,25,1111,-7
0,5,69,4,25,1112,9
0,5,69,4,25,1113,5
0,5,69,4,25,1114,-3
0,5,69,4,25,1115,-3
0,5,69,4,25,1116,-3
0,5,69,4,25,1117,-5
0,5,69,4,25,1118,1
0,5,69,4,25,1119,-1
0,5,69,4,25,1120,5
0,5,69,4,25,1121,-5
0,5,69,4,25,1122,7
0,5,69,4,25,1123,1
0,5,69,4,25,1124,7
0,5,69,4,25,1125,11
0,5,69,4,25,1126,-3
0,5,69,4,25,1127,-3
0,5,69,4,25,1128,3
0,5,69,4,25,1129,1
0,5,69,4,25,1130,1
0,5,69,4,25,1131,1
0,5,69,4,25,1132,-1
0,5,69,4,25,1133,-5
0,5,69,4,25,1134,7
0,5,69,4,25,1135,1
0,5,69,4,25,1136,-7
0,5,69,4,25,1137,9
0,5,69,4,25,1138,5
0,5,69,4,25,1139,-3
0,5,69,4,25,1140,-3
0,5,69,4,25,1141,-3
0,5,69,4,25,1142,-5
0,5,69,4,25,1143,1
0,5,69,4,25,1144,-1
0,5,69,4,25,1145,5
0,5,69,4,25,1146,-5
0,5,69,4,25,1147,7
0,5,69,4,25,1148,1
0,5,69,4,25,1149,7
0,5,69,4,25,1150,11
0,5,69,4,25,1151,-3
0,5,69,4,25,1152,-3
0,5,69,4,25,1153,3
0,5,69,4,25,1154,1
0,5,69,4,25,1155,1
0,5,69,4,25,1156,1
0,5,69,4,25,1157,-1
0,5,69,4,25,1158,-5
0,5,69,4,25,1159,7
0,5,69,4,25,1160,1
0,5,69,4,25,1161,-7
0,5,69,4,25,1162,9
0,5,69,4,25,1163,5
0,5,69,4,25,1164,-3
0,5,69,4,25,1165,-3
0,5,69,4,25,1166,-3
0,5,69,4,25,1167,-5
0,5,69,4,25,1168,1
0,5,69,4,25,1169,-1
0,5,69,4,25,1170,5
0,5,69,4,25,1171,-5
0,5,69,4,25,1172,7
0,5,69,4,25,1173,1
0,5,69,4,25,1174,7
0,5,69,4,25,1175,11
0,5,69,4,25,1176,-3
0,5,69,4,25,1177,-3
0,5,69,4,25,1178,3
0,5,69,4,25,1179,1
0,5,69,4,25,1180,1
0,5,69,4,25,1181,1
0,5,69,4,25,1182,-1
0,5,69,4,25,1183,-5
0,5,69,4,25,1184,7
0,5,69,4,25,1185,1
0,5,69,4,25,1186,-7
0,5,69,4,25,1187,9
0,5,69,4,25,1188,5
0,5,69,4,25,1189,-3
0,5,69,4,25,1190,-3
0,5,69,4,25,1191,-3
0,5,69,4,25,1192,-5
0,5,69,4,25,1193,1
0,5,69,4,25,1194,-1
0,5,69,4,25,1195,5
0,5,69,4,25,1196,-5
0,5,69,4,25,1197,7
0,5,69,4,25,1198,1
0,5,69,4,25,1199,7
0,5,69,4,25,1200,11
0,5,69,4,25,1201,-3
0,5,69,4,25,1202,-3
0,5,69,4,25,1203,3
0,5,69,4,25,1204,1
0,5,69,4,25,1205,1
0,5,69,4,25,1206,1
0,5,69,4,25,1207,-1
0,5,69,4,25,1208,-5
0,5,69,4,25,1209,7
0,5,69,4,25,1210,1
0,5,69,4,25,1211,-7
0,5,69,4,25,1212,9
0,5,69,4,25,1213,5
0,5,69,4,25,1214,-3
0,5,69,4,25,1215,-3
0,5,69,4,25,1216,-3
0,5,69,4,25,1217,-5
0,5,69,4,25,1218,1
0,5,69,4,25,1219,-1
0,5,69,4,25,1220,5
0,5,69,4,25,1221,-5
0,5,69,4,25,1222,7
0,5,69,4,25,1223,1
0,5,69,4,25,1224,7
0,5,69,4,25,1225,11
0,5,69,4,25,1226,-3
0,5,69,4,25,1227,-3
0,5,69,4,25,1228,3
0,5,69,4,25,1229,1
0,5,69,4,25,1230,1
0,5,69,4,25,1231,1
0,5,69,4,25,1232,-1
0,5,69,4,25,1233,-5
0,5,69,4,25,1234,7
0,5,69,4,25,1235,1
0,5,69,4,25,1236,-7
0,5,69,4,25,1237,9
0,5,69,4,25,1238,5
0,5,69,4,25,1239,-3
0,5,69,4,25,1240,-3
0,5,69,4,25,1241,-3
0,5,69,4,25,1242,-5
0,5,69,4,25,1243,1
0,5,69,4,25,1244,-1
0,5,69,4,25,1245,5
0,5,69,4,25,1246,-5
0,5,69,4,25,1247,7
0,5,69,4,25,1248,1
0,5,69,4,25,1249,7
0,5,69,4,25,1250,11
0,5,69,4,25,1251,-3
0,5,69,4,25,1252,-3
0,5,69,4,25,1253,3
0,5,69,4,25,1254,1
0,5,69,4,25,1255,1
0,5,69,4,25,1256,1
0,5,69,4,25,1257,-1
0,5,69,4,25,1258,-5
0,5,69,4,25,1259,7
0,5,69,4,25,1260,1
0,5,69,4,25,1261,-7
0,5,69,4,25,1262,9
0,5,69,4,25,1263,5
0,5,69,4,25,1264,-3
0,5,69,4,25,1265,-3
0,5,69,4,25,1266,-3
0,5,69,4,25,1267,-5
0,5,69,4,25,1268,1
0,5,69,4,25,1269,-1
0,5,69,4,25,1270,5
0,5,69,4,25,1271,-5
0,5,69,4,25,1272,7
0,5,69,4,25,1273,1
0,5,69,4,25,1274,7
0,5,69,4,25,1275,11
0,5,69,4,25,1276,-3
0,5,69,4,25,1277,-3
0,5,69,4,25,1278,3
0,5,69,4,25,1279,1
0,5,69,4,25,1280,1
0,5,69,4,25,1281,1
0,5,69,4,25,1282,-1
0,5,69,4,25,1283,-5
0,5,69,4,25,1284,7
0,5,69,4,25,1285,1
0,5,69,4,25,1286,-7
0,5,69,4,25,1287,9
0,5,69,4,25,1288,5
0,5,69,4,25,1289,-3
0,5,69,4,25,1290,-3
0,5,69,4,25,1291,-3
0,5,69,4,25,1292,-5
0,5,69,4,25,1293,1
0,5,69,4,25,1294,-1
0,5,69,4,25,1295,5
0,5,69,4,25,1296,-5
0,5,69,4,25,1297,7
0,5,69,4,25,1298,1
0,5,69,4,25,1299,7
0,5,69,4,25,1300,11
0,5,69,4,25,1301,-3
0,5,69,4,25,1302,-3
0,5,69,4,25,1303,3
0,5,69,4,25,1304,1
0,5,69,4,25,1305,1
0,5,69,4,25,1306,1
0,5,69,4,25,1307,-1
0,5,69,4,25,1308,-5
0,5,69,4,25,1309,7
0,5,69,4,25,1310,1
0,5,69,4,25,1311,-7
0,5,69,4,25,1312,9
0,5,69,4,25,1313,5
0,5,69,4,25,1314,-3
0,5,69,4,25,1315,-3
0,5,69,4,25,1316,-3
0,5,69,4,25,1317,-5
0,5,69,4,25,1318,1
0,5,69,4,25,1319,-1
0,5,69,4,25,1320,5
0,5,69,4,25,1321,-5
0,5,69,4,25,1322,7
0,5,69,4,25,1323,1
0,5,69,4,25,1324,7
0,5,69,4,25,1325,11
0,5,69,4,25,1326,-3
0,5,69,4,25,1327,-3
0,5,69,4,25,1328,3
0,5,69,4,25,1329,1
0,5,69,4,25,1330,1
0,5,69,4,25,1331,1
0,5,69,4,25,1332,-1
0,5,69,4,25,1333,-5
0,5,69,4,25,1334,7
0,5,69,4,25,1335,1
0,5,69,4,25,1336,-7
0,5,69,4,25,1337,9
0,5,69,4,25,1338,5
0,5,69,4,25,1339,-3
0,5,69,4,25,1340,-3
0,5,69,4,25,1341,-3
0,5,69,4,25,1342,-5
0,5,69,4,25,1343,1
0,5,69,4,25,1344,-1
0,5,69,4,25,1345,5
0,5,69,4,25,1346,-5
0,5,69,4,25,1347,7
0,5,69,4,25,1348,1
0,5,69,4,25,1349,7
0,5,69,4,25,1350,11
0,5,69,4,25,1351,-3
0,5,69,4,25,1352,-3
0,5,69,4,25,1353,3
0,5,69,4,25,1354,1
0,5,69,4,25,1355,1
0,5,69,4,25,1356,1
0,5,69,4,25,1357,-1
0,5,69,4,25,1358,-5
0,5,69,4,25,1359,7
0,5,69,4,25,1360,1
0,5,69,4,25,1361,-7
0,5,69,4,25,1362,9
0,5,69,4,25,1363,5
0,5,69,4,25,1364,-3
0,5,69,4,25,1365,-3
0,5,69,4,25,1366,-3
0,5,69,4,25,1367,-5
0,5,69,4,25,1368,1
0,5,69,4,25,1369,-1
0,5,69,4,25,1370,5
0,5,69,4,25,1371,-5
0,5,69,4,25,1372,7
0,5,69,4,25,1373,1
0,5,69,4,25,1374,7
0,5,69,4,25,1375,11
0,5,69,4,25,1376,-3
0,5,69,4,25,1377,-3
0,5,69,4,25,1378,3
0,5,69,4,25,1379,1
0,5,69,4,25,1380,1
0,5,69,4,25,1381,1
0,5,69,4,25,1382,-1
0,5,69,4,25,1383,-5
0,5,69,4,25,1384,7
0,5,69,4,25,1385,1
0,5,69,4,25,1386,-7
0,5,69,4,25,1387,9
0,5,69,4,25,1388,5
0,5,69,4,25,1389,-3
0,5,69,4,25,1390,-3
0,5,69,4,25,1391,-3
0,5,69,4,25,1392,-5
0,5,69,4,25,1393,1
0,5,69,4,25,1394,-1
0,5,69,4,25,1395,5
0,5,69,4,25,1396,-5
0,5,69,4,25,1397,7
0,5,69,4,25,1398,1
0,5,69,4,25,1399,7
0,5,69,4,25,1400,11
0,5,69,4,25,1401,-3
0,5,69,4,25,1402,-3
0,5,69,4,25,1403,3
0,5,69,4,25,1404,1
0,5,69,4,25,1405,1
0,5,69,4,25,1406,1
0,5,69,4,25,1407,-1
0,5,69,4,25,1408,-5
0,5,69,4,25,1409,7
0,5,69,4,25,1410,1
0,5,69,4,25,1411,-7
0,5,69,4,25,1412,9
0,5,69,4,25,1413,5
0,5,69,4,25,1414,-3
0,5,69,4,25,1415,-3
0,5,69,4,25,1416,-3
0,5,69,4,25,1417,-5
0,5,69,4,25,1418,1
0,5,69,4,25,1419,-1
0,5,69,4,25,1420,5
0,5,69,4,25,1421,-5
0,5,69,4,25,1422,7
0,5,69,4,25,1423,1
0,5,69,4,25,1424,7
0,5,69,4,25,1425,11
0,5,69,4,25,1426,-3
0,5,69,4,25,1427,-3
0,5,69,4,25,1428,3
0,5,69,4,25,1429,1
0,5,69,4,25,1430,1
0,5,69,4,25,1431,1
0,5,69,4,25,1432,-1
0,5,69,4,25,1433,-5
0,5,69,4,25,1434,7
0,5,69,4,25,1435,1
0,5,69,4,25,1436,-7
0,5,69,4,25,1437,9
0,5,69,4,25,1438,5
0,5,69,4,25,1439,-3
0,5,69,4,25,1440,-3
0,5,69,4,25,1441,-3
0,5,69,4,25,1442,-5
0,5,69,4,25,1443,1
0,5,69,4,25,1444,-1
0,5,69,4,25,1445,5
0,5,69,4,25,1446,-5
0,5,69,4,25,1447,7
0,5,69,4,25,1448,1
0,5,69,4,25,1449,7
0,5,69,4,25,1450,11
0,5,69,4,25,1451,-3
0,5,69,4,25,1452,-3
0,5,69,4,25,1453,3
0,5,69,4,25,1454,1
0,5,69,4,25,1455,1
0,5,69,4,25,1456,1
0,5,69,4,25,1457,-1
0,5,69,4,25,1458,-5
0,5,69,4,25,1459,7
0,5,69,4,25,1460,1
0,5,69,4,25,1461,-7
0,5,69,4,25,1462,9
0,5,69,4,25,1463,5
0,5,69,4,25,1464,-3
0,5,69,4,25,1465,-3
0,5,69,4,25,1466,-3
0,5,69,4,25,1467,-5
0,5,69,4,25,1468,1
0,5,69,4,25,1469,-1
0,5,69,4,25,1470,5
0,5,69,4,25,1471,-5
0,5,69,4,25,1472,7
0,5,69,4,25,1473,1
0,5,69,4,25,1474,7
0,5,69,4,25,1475,11
0,5,69,4,25,1476,-3
0,5,69,4,25,1477,-3
0,5,69,4,25,1478,3
0,5,69,4,25,1479,1
0,5,69,4,25,1480,1
0,5,69,4,25,1481,1
0,5,69,4,25,1482,-1
0,5,69,4,25,1483,-5
0,5,69,4,25,1484,7
0,5,69,4,25,1485,1
0,5,69,4,25,1486,-7
0,5,69,4,25,1487,9
0,5,69,4,25,1488,5
0,5,69,4,25,1489,-3
0,5,69,4,25,1490,-3
0,5,69,4,25,1491,-3
0,5,69,4,25,1492,-5
0,5,69,4,25,1493,1
0,5,69,4,25,1494,-1
0,5,69,4,25,1495,5
0,5,69,4,25,1496,-5
0,5,69,4,25,1497,7
0,5,69,4,25,1498,1
0,5,69,4,25,1499,7
0,5,69,4,25,1500,11
0,5,69,4,25,1501,-3
0,5,69,4,25,1502,-3
0,5,69,4,25,1503,3
0,5,69,4,25,1504,1
0,5,69,4,25,1505,1
0,5,69,4,25,1506,1
0,5,69,4,25,1507,-1
0,5,69,4,25,1508,-5
0,5,69,4,25,1509,7
0,5,69,4,25,1510,1
0,5,69,4,25,1511,-7
0,5,69,4,25,1512,9
0,5,69,4,25,1513,5
0,5,69,4,25,1514,-3
0,5,69,4,25,1515,-3
0,5,69,4,25,1516,-3
0,5,69,4,25,1517,-5
0,5,69,4,25,1518,1
0,5,69,4,25,1519,-1
0,5,69,4,25,1520,5
0,5,69,4,25,1521,-5
0,5,69,4,25,1522,7
0,5,69,4,25,1523,1
0,5,69,4,25,1524,7
0,5,69,4,25,1525,11
0,5,69,4,25,1526,-3
0,5,69,4,25,1527,-3
0,5,69,4,25,1528,3
0,5,69,4,25,1529,1
0,5,69,4,25,1530,1
0,5,69,4,25,1531,1
0,5,69,4,25,1532,-1
0,5,69,4,25,1533,-5
0,5,69,4,25,1534,7
0,5,69,4,25,1535,1
0,5,69,4,25,1536,-7
0,5,69,4,25,1537,9
0,5,69,4,25,1538,5
0,5,69,4,25,1539,-3
0,5,69,4,25,1540,-3
0,5,69,4,25,1541,-3
0,5,69,4,25,1542,-5
0,5,69,4,25,1543,1
0,5,69,4,25,1544,-1
0,5,69,4,25,1545,5
0,5,69,4,25,1546,-5
0,5,69,4,25,1547,7
0,5,69,4,25,1548,1
0,5,69,4,25,1549,7
0,5,69,4,25,1550,11
0,5,69,4,25,1551,-3
0,5,69,4,25,1552,-3
0,5,69,4,25,1553,3
0,5,69,4,25,1554,1
0,5,69,4,25,1555,1
0,5,69,4,25,1556,1
0,5,69,4,25,1557,-1
0,5,69,4,25,1558,-5
0,5,69,4,25,1559,7
0,5,69,4,25,1560,1
0,5,69,4,25,1561,-7
0,5,69,4,25,1562,9
0,5,69,4,25,1563,5
0,5,69,4,25,1564,-3
0,5,69,4,25,1565,-3
0,5,69,4,25,1566,-3
0,5,69,4,25,1567,-5
0,5,69,4,25,1568,1
0,5,69,4,25,1569,-1
0,5,69,4,25,1570,5
0,5,69,4,25,1571,-5
0,5,69,4,25,1572,7
0,5,69,4,25,1573,1
0,5,69,4,25,1574,7
0,5,69,4,25,1575,11
0,5,69,4,25,1576,-3
0,5,69,4,25,1577,-3
0,5,69,4,25,1578,3
0,5,69,4,25,1579,1
0,5,69,4,25,1580,1
0,5,69,4,25,1581,1
0,5,69,4,25,1582,-1
0,5,69,4,25,1583,-5
0,5,69,4,25,1584,7
0,5,69,4,25,1585,1
0,5,69,4,25,1586,-7
0,5,69,4,25,1587,9
0,5,69,4,25,1588,5
0,5,69,4,25,1589,-3
0,5,69,4,25,1590,-3
0,5,69,4,25,1591,-3
0,5,69,4,25,1592,-5
0,5,69,4,25,1593,1
0,5,69,4,25,1594,-1
0,5,69,4,25,1595,5
0,5,69,4,25,1596,-5
0,5,69,4,25,1597,7
0,5,69,4,25,1598,1
0,5,69,4,25,1599,7
0,5,69,4,25,1600,11
0,5,69,4,25,1601,-3
0,5,69,4,25,1602,-3
0,5,69,4,25,1603,3
0,5,69,4,25,1604,1
0,5,69,4,25,1605,1
0,5,69,4,25,1606,1
0,5,69,4,25,1607,-1
0,5,69,4,25,1608,-5
0,5,69,4,25,1609,7
0,5,69,4,25,1610,1
0,5,69,4,25,1611,-7
0,5,69,4,25,1612,9
0,5,69,4,25,1613,5
0,5,69,4,25,1614,-3
0,5,69,4,25,1615,-3
0,5,69,4,25,1616,-3
0,5,69,4,25,1617,-5
0,5,69,4,25,1618,1
0,5,69,4,25,1619,-1
0,5,69,4,25,1620,5
0,5,69,4,25,1621,-5
0,5,69,4,25,1622,7
0,5,69,4,25,1623,1
0,5,69,4,25,1624,7
0,5,69,4,25,1625,11
0,5,69,4,25,1626,-3
0,5,69,4,25,1627,-3
0,5,69,4,25,1628,3
0,5,69,4,25,1629,1
0,5,69,4,25,1630,1
0,5,69,4,25,1631,1
0,5,69,4,25,1632,-1
0,5,69,4,25,1633,-5
0,5,69,4,25,1634,7
0,5,69,4,25,1635,1
0,5,69,4,25,1636,-7
0,5,69,4,25,1637,9
0,5,69,4,25,1638,5
0,5,69,4,25,1639,-3
0,5,69,4,25,1640,-3
0,5,69,4,25,1641,-3
0,5,69,4,25,1642,-5
0,5,69,4,25,1643,1
0,5,69,4,25,1644,-1
0,5,69,4,25,1645,5
0,5,69,4,25,1646,-5
0,5,69,4,25,1647,7
0,5,69,4,25,1648,1
0,5,69,4,25,1649,7
0,5,69,4,25,1650,11
0,5,69,4,25,1651,-3
0,5,69,4,25,1652,-3
0,5,69,4,25,1653,3
0,5,69,4,25,1654,1
0,5,69,4,25,1655,1
0,5,69,4,25,1656,1
0,5,69,4,25,1657,-1
0,5,69,4,25,1658,-5
0,5,69,4,25,1659,7
0,5,69,4,25,1660,1
0,5,69,4,25,1661,-7
0,5,69,4,25,1662,9
0,5,69,4,25,1663,5
0,5,69,4,25,1664,-3
0,5,69,4,25,1665,-3
0,5,69,4,25,1666,-3
0,5,69,4,25,1667,-5
0,5,69,4,25,1668,1
0,5,69,4,25,1669,-1
0,5,69,4,25,1670,5
0,5,69,4,25,1671,-5
0,5,69,4,25,1672,7
0,5,69,4,25,1673,1
0,5,69,4,25,1674,7
0,5,69,4,25,1675,11
0,5,69,4,25,1676,-3
0,5,69,4,25,1677,-3
0,5,69,4,25,1678,3
0,5,69,4,25,1679,1
0,5,69,4,25,1680,1
0,5,69,4,25,1681,1
0,5,69,4,25,1682,-1
0,5,69,4,25,1683,-5
0,5,69,4,25,1684,7
0,5,69,4,25,1685,1
0,5,69,4,25,1686,-7
0,5,69,4,25,1687,9
0,5,69,4,25,1688,5
0,5,69,4,25,1689,-3
0,5,69,4,25,1690,-3
0,5,69,4,25,1691,-3
0,5,69,4,25,1692,-5
0,5,69,4,25,1693,1
0,5,69,4,25,1694,-1
0,5,69,4,25,1695,5
0,5,69,4,25,1696,-5
0,5,69,4,25,1697,7
0,5,69,4,25,1698,1
0,5,69,4,25,1699,7
0,5,69,4,25,1700,11
0,5,69,4,25,1701,-3
0,5,69,4,25,1702,-3
0,5,69,4,25,1703,3
0,5,69,4,25,1704,1
0,5,69,4,25,1705,1
0,5,69,4,25,1706,1
0,5,69,4,25,1707,-1
0,5,69,4,25,1708,-5
0,5,69,4,25,1709,7
0,5,69,4,25,1710,1
0,5,69,4,25,1711,-7
0,5,69,4,25,1712,9
0,5,69,4,25,1713,5
0,5,69,4,25,1714,-3
0,5,69,4,25,1715,-3
0,5,69,4,25,1716,-3
0,5,69,4,25,1717,-5
0,5,69,4,25,1718,1
0,5,69,4,25,1719,-1
0,5,69,4,25,1720,5
0,5,69,4,25,1721,-5
0,5,69,4,25,1722,7
0,5,69,4,25,1723,1
0,5,69,4,25,1724,7
0,5,69,4,25,1725,11
0,5,69,4,25,1726,-3
0,5,69,4,25,1727,-3
0,5,69,4,25,1728,3
0,5,69,4,25,1729,1
0,5,69,4,25,1730,1
0,5,69,4,25,1731,1
0,5,69,4,25,1732,-1
0,5,69,4,25,1733,-5
0,5,69,4,25,1734,7
0,5,69,4,25,1735,1
0,5,69,4,25,1736,-7
0,5,69,4,25,1737,9
0,5,69,4,25,1738,5
0,5,69,4,25,1739,-3
0,5,69,4,25,1740,-3
0,5,69,4,25,1741,-3
0,5,69,4,25,1742,-5
0,5,69,4,25,1743,1
0,5,69,4,25,1744,-1
0,5,69,4,25,1745,5
0,5,69,4,25,1746,-5
0,5,69,4,25,1747,7
0,5,69,4,25,1748,1
0,5,69,4,25,1749,7
0,5,69,4,25,1750,11
0,5,69,4,25,1751,-3
0,5,69,4,25,1752,-3
0,5,69,4,25,1753,3
0,5,69,4,25,1754,1
0,5,69,4,25,1755,1
0,5,69,4,25,1756,1
0,5,69,4,25,1757,-1
0,5,69,4,25,1758,-5
0,5,69,4,25,1759,7
0,5,69,4,25,1760,1
0,5,69,4,25,1761,-7
0,5,69,4,25,1762,9
0,5,69,4,25,1763,5
0,5,69,4,25,1764,-3
0,5,69,4,25,1765,-3
0,5,69,4,25,1766,-3
0,5,69,4,25,1767,-5
0,5,69,4,25,1768,1
0,5,69,4,25,1769,-1
0,5,69,4,25,1770,5
0,5,69,4,25,1771,-5
0,5,69,4,25,1772,7
0,5,69,4,25,1773,1
0,5,69,4,25,1774,7
0,5,69,4,25,1775,11
0,5,69,4,25,1776,-3
0,5,69,4,25,1777,-3
0,5,69,4,25,1778,3
0,5,69,4,25,1779,1
0,5,69,4,25,1780,1
0,5,69,4,25,1781,1
0,5,69,4,25,1782,-1
0,5,69,4,25,1783,-5
0,5,69,4,25,1784,7
0,5,69,4,25,1785,1
0,5,69,4,25,1786,-7
0,5,69,4,25,1787,9
0,5,69,4,25,1788,5
0,5,69,4,25,1789,-3
0,5,69,4,25,1790,-3
0,5,69,4,25,1791,-3
0,5,69,4,25,1792,-5
0,5,69,4,25,1793,1
0,5,69,4,25,1794,-1
0,5,69,4,25,1795,5
0,5,69,4,25,1796,-5
0,5,69,4,25,1797,7
0,5,69,4,25,1798,1
0,5,69,4,25,1799,7
0,5,69,4,25,1800,11
0,5,69,4,25,1801,-3
0,5,69,4,25,1802,-3
0,5,69,4,25,1803,3
0,5,69,4,25,1804,1
0,5,69,4,25,1805,1
0,5,69,4,25,1806,1
0,5,69,4,25,1807,-1
0,5,69,4,25,1808,-5
0,5,69,4,25,1809,7
0,5,69,4,25,1810,1
0,5,69,4,25,1811,-7
0,5,69,4,25,1812,9
0,5,69,4,25,1813,5
0,5,69,4,25,1814,-3
0,5,69,4,25,1815,-3
0,5,69,4,25,1816,-3
0,5,69,4,25,1817,-5
0,5,69,4,25,1818,1
0,5,69,4,25,1819,-1
0,5,69,4,25,1820,5
0,5,69,4,25,1821,-5
0,5,69,4,25,1822,7
0,5,69,4,25,1823,1
0,5,69,4,25,1824,7
0,5,69,4,25,1825,11
0,5,69,4,25,1826,-3
0,5,69,4,25,1827,-3
0,5,69,4,25,1828,3
0,5,69,4,25,1829,1
0,5,69,4,25,1830,1
0,5,69,4,25,1831,1
0,5,69,4,25,1832,-1
0,5,69,4,25,1833,-5
0,5,69,4,25,1834,7
0,5,69,4,25,1835,1
0,5,69,4,25,1836,-7
0,5,69,4,25,1837,9
0,5,69,4,25,1838,5
0,5,69,4,25,1839,-3
0,5,69,4,25,1840,-3
0,5,69,4,25,1841,-3
0,5,69,4,25,1842,-5
0,5,69,4,25,1843,1
0,5,69,4,25,1844,-1
0,5,69,4,25,1845,5
0,5,69,4,25,1846,-5
0,5,69,4,25,1847,7
0,5,69,4,25,1848,1
0,5,69,4,25,1849,7
0,5,69,4,25,1850,11
0,5,69,4,25,1851,-3
0,5,69,4,25,1852,-3
0,5,69,4,25,1853,3
0,5,69,4,25,1854,1
0,5,69,4,25,1855,1
0,5,69,4,25,1856,1
0,5,69,4,25,1857,-1
0,5,69,4,25,1858,-5
0,5,69,4,25,1859,7
0,5,69,4,25,1860,1
0,5,69,4,25,1861,-7
0,5,69,4,25,1862,9
0,5,69,4,25,1863,5
0,5,69,4,25,1864,-3
0,5,69,4,25,1865,-3
0,5,69,4,25,1866,-3
0,5,69,4,25,1867,-5
0,5,69,4,25,1868,1
0,5,69,4,25,1869,-1
0,5,69,4,25,1870,5
0,5,69,4,25,1871,-5
0,5,69,4,25,1872,7
0,5,69,4,25,1873,1
0,5,69,4,25,1874,7
0,5,69,4,25,1875,11
0,5,69,4,25,1876,-3
0,5,69,4,25,1877,-3
0,5,69,4,25,1878,3
0,5,69,4,25,1879,1
0,5,69,4,25,1880,1
0,5,69,4,25,1881,1
0,5,69,4,25,1882,-1
0,5,69,4,25,1883,-5
0,5,69,4,25,1884,7
0,5,69,4,25,1885,1
0,5,69,4,25,1886,-7
0,5,69,4,25,1887,9
0,5,69,4,25,1888,5
0,5,69,4,25,1889,-3
0,5,69,4,25,1890,-3
0,5,69,4,25,1891,-3
0,5,69,4,25,1892,-5
0,5,69,4,25,1893,1
0,5,69,4,25,1894,-1
0,5,69,4,25,1895,5
0,5,69,4,25,1896,-5
0,5,69,4,25,1897,7
0,5,69,4,25,1898,1
0,5,69,4,25,1899,7
0,5,69,4,25,1900,11
0,5,69,4,25,1901,-3
0,5,69,4,25,1902,-3
0,5,69,4,25,1903,3
0,5,69,4,25,1904,1
0,5,69,4,25,1905,1
0,5,69,4,25,1906,1
0,5,69,4,25,1907,-1
0,5,69,4,25,1908,-5
0,5,69,4,25,1909,7
0,5,69,4,25,1910,1
0,5,69,4,25,1911,-7
0,5,69,4,25,1912,9
0,5,69,4,25,1913,5
0,5,69,4,25,1914,-3
0,5,69,4,25,1915,-3
0,5,69,4,25,1916,-3
0,5,69,4,25,1917,-5
0,5,69,4,25,1918,1
0,5,69,4,25,1919,-1
0,5,69,4,25,1920,5
0,5,69,4,25,1921,-5
0,5,69,4,25,1922,7
0,5,69,4,25,1923,1
0,5,69,4,25,1924,7
0,5,69,4,25,1925,11
0,5,69,4,25,1926,-3
0,5,69,4,25,1927,-3
0,5,69,4,25,1928,3
0,5,69,4,25,1929,1
0,5,69,4,25,1930,1
0,5,69,4,25,1931,1
0,5,69,4,25,1932,-1
0,5,69,4,25,1933,-5
0,5,69,4,25,1934,7
0,5,69,4,25,1935,1
0,5,69,4,25,1936,-7
0,5,69,4,25,1937,9
0,5,69,4,25,1938,5
0,5,69,4,25,1939,-3
0,5,69,4,25,1940,-3
0,5,69,4,25,1941,-3
0,5,69,4,25,1942,-5
0,5,69,4,25,1943,1
0,5,69,4,25,1944,-1
0,5,69,4,25,1945,5
0,5,69,4,25,1946,-5
0,5,69,4,25,1947,7
0,5,69,4,25,1948,1
0,5,69,4,25,1949,7
0,5,69,4,25,1950,11
0,5,69,4,25,1951,-3
0,5,69,4,25,1952,-3
0,5,69,4,25,1953,3
0,5,69,4,25,1954,1
0,5,69,4,25,1955,1
0,5,69,4,25,1956,1
0,5,69,4,25,1957,-1
0,5,69,4,25,1958,-5
0,5,69,4,25,1959,7
0,5,69,4,25,1960,1
0,5,69,4,25,1961,-7
0,5,69,4,25,1962,9
0,5,69,4,25,1963,5
0,5,69,4,25,1964,-3
0,5,69,4,25,1965,-3
0,5,69,4,25,1966,-3
0,5,69,4,25,1967,-5
0,5,69,4,25,1968,1
0,5,69,4,25,1969,-1
0,5,69,4,25,1970,5
0,5,69,4,25,1971,-5
0,5,69,4,25,1972,7
0,5,69,4,25,1973,1
0,5,69,4,25,1974,7
0,5,69,4,25,1975,11
0,5,69,4,25,1976,-3
0,5,69,4,25,1977,-3
0,5,69,4,25,1978,3
0,5,69,4,25,1979,1
0,5,69,4,25,1980,1
0,5,69,4,25,1981,1
0,5,69,4,25,1982,-1
0,5,69,4,25,1983,-5
0,5,69,4,25,1984,7
0,5,69,4,25,1985,1
0,5,69,4,25,1986,-7
0,5,69,4,25,1987,9
0,5,69,4,25,1988,5
0,5,69,4,25,1989,-3
0,5,69,4,25,1990,-3
0,5,69,4,25,1991,-3
0,5,69,4,25,1992,-5
0,5,69,4,25,1993,1
0,5,69,4,25,1994,-1
0,5,69,4,25,1995,5
0,5,69,4,25,1996,-5
0,5,69,4,25,1997,7
0,5,69,4,25,1998,1
0,5,69,4,25,1999,7
0,5,69,4,25,2000,11
0,5,69,4,25,2001,-3
0,5,69,4,25,2002,-3
0,5,69,4,25,2003,3
0,5,69,4,25,2004,1
0,5,69,4,25,2005,1
0,5,69,4,25,2006,1
0,5,69,4,25,2007,-1
0,5,69,4,25,2008,-5
0,5,69,4,25,2009,7
0,5,69,4,25,2010,1
0,5,69,4,25,2011,-7
0,5,69,4,25,2012,9
0,5,69,4,25,2013,5
0,5,69,4,25,2014,-3
0,5,69,4,25,2015,-3
0,5,69,4,25,2016,-3
0,5,69,4,25,2017,-5
0,5,69,4,25,2018,1
0,5,69,4,25,2019,-1
0,5,69,4,25,2020,5
0,5,69,4,25,2021,-5
0,5,69,4,25,2022,7
0,5,69,4,25,2023,1
0,5,69,4,25,2024,7
0,5,69,4,25,2025,11
0,5,69,4,25,2026,-3
0,5,69,4,25,2027,-3
0,5,69,4,25,2028,3
0,5,69,4,25,2029,1
0,5,69,4,25,2030,1
0,5,69,4,25,2031,1
0,5,69,4,25,2032,-1
0,5,69,4,25,2033,-5
0,5,69,4,25,2034,7
0,5,69,4,25,2035,1
0,5,69,4,25,2036,-7
0,5,69,4,25,2037,9
0,5,69,4,25,2038,5
0,5,69,4,25,2039,-3
0,5,69,4,25,2040,-3
0,5,69,4,25,2041,-3
0,5,69,4,25,2042,-5
0,5,69,4,25,2043,1
0,5,69,4,25,2044,-1
0,5,69,4,25,2045,5
0,5,69,4,25,2046,-5
0,5,69,4,25,2047,7
0,5,69,4,25,2048,1
0,5,69,4,25,2049,7
0,5,69,4,25,2050,11
0,5,69,4,25,2051,-3
0,5,69,4,25,2052,-3
0,5,69,4,25,2053,3
0,5,69,4,25,2054,1
0,5,69,4,25,2055,1
0,5,69,4,25,2056,1
0,5,69,4,25,2057,-1
0,5,69,4,25,2058,-5
0,5,69,4,25,2059,7
0,5,69,4,25,2060,1
0,5,69,4,25,2061,-7
0,5,69,4,25,2062,9
0,5,69,4,25,2063,5
0,5,69,4,25,2064,-3
0,5,69,4,25,2065,-3
0,5,69,4,25,2066,-3
0,5,69,4,25,2067,-5
0,5,69,4,25,2068,1
0,5,69,4,25,2069,-1
0,5,69,4,25,2070,5
0,5,69,4,25,2071,-5
0,5,69,4,25,2072,7
0,5,69,4,25,2073,1
0,5,69,4,25,2074,7
0,5,69,4,25,2075,11
0,5,69,4,25,2076,-3
0,5,69,4,25,2077,-3
0,5,69,4,25,2078,3
0,5,69,4,25,2079,1
0,5,69,4,25,2080,1
0,5,69,4,25,2081,1
0,5,69,4,25,2082,-1
0,5,69,4,25,2083,-5
0,5,69,4,25,2084,7
0,5,69,4,25,2085,1
0,5,69,4,25,2086,-7
0,5,69,4,25,2087,9
0,5,69,4,25,2088,5
0,5,69,4,25,2089,-3
0,5,69,4,25,2090,-3
0,5,69,4,25,2091,-3
0,5,69,4,25,2092,-5
0,5,69,4,25,2093,1
0,5,69,4,25,2094,-1
0,5,69,4,25,2095,5
0,5,69,4,25,2096,-5
0,5,69,4,25,2097,7
0,5,69,4,25,2098,1
0,5,69,4,25,2099,7
0,5,69,4,25,2100,11
0,5,69,4,25,2101,-3
0,5,69,4,25,2102,-3
0,5,69,4,25,2103,3
0,5,69,4,25,2104,1
0,5,69,4,25,2105,1
0,5,69,4,25,2106,1
0,5,69,4,25,2107,-1
0,5,69,4,25,2108,-5
0,5,69,4,25,2109,7
0,5,69,4,25,2110,1
0,5,69,4,25,2111,-7
0,5,69,4,25,2112,9
0,5,69,4,25,2113,5
0,5,69,4,25,2114,-3
0,5,69,4,25,2115,-3
0,5,69,4,25,2116,-3
0,5,69,4,25,2117,-5
0,5,69,4,25,2118,1
0,5,69,4,25,2119,-1
0,5,69,4,25,2120,5
0,5,69,4,25,2121,-5
0,5,69,4,25,2122,7
0,5,69,4,25,2123,1
0,5,69,4,25,2124,7
0,5,69,4,25,2125,11
0,5,69,4,25,2126,-3
0,5,69,4,25,2127,-3
0,5,69,4,25,2128,3
0,5,69,4,25,2129,1
0,5,69,4,25,2130,1
0,5,69,4,25,2131,1
0,5,69,4,25,2132,-1
0,5,69,4,25,2133,-5
0,5,69,4,25,2134,7
0,5,69,4,25,2135,1
0,5,69,4,25,2136,-7
0,5,69,4,25,2137,9
0,5,69,4,25,2138,5
0,5,69,4,25,2139,-3
0,5,69,4,25,2140,-3
0,5,69,4,25,2141,-3
0,5,69,4,25,2142,-5
0,5,69,4,25,2143,1
0,5,69,4,25,2144,-1
0,5,69,4,25,2145,5
0,5,69,4,25,2146,-5
0,5,69,4,25,2147,7
0,5,69,4,25,2148,1
0,5,69,4,25,2149,7
0,5,69,4,25,2150,11
0,5,69,4,25,2151,-3
0,5,69,4,25,2152,-3
0,5,69,4,25,2153,3
0,5,69,4,25,2154,1
0,5,69,4,25,2155,1
0,5,69,4,25,2156,1
0,5,69,4,25,2157,-1
0,5,69,4,25,2158,-5
0,5,69,4,25,2159,7
0,5,69,4,25,2160,1
0,5,69,4,25,2161,-7
0,5,69,4,25,2162,9
0,5,69,4,25,2163,5
0,5,69,4,25,2164,-3
0,5,69,4,25,2165,-3
0,5,69,4,25,2166,-3
0,5,69,4,25,2167,-5
0,5,69,4,25,2168,1
0,5,69,4,25,2169,-1
0,5,69,4,25,2170,5
0,5,69,4,25,2171,-5
0,5,69,4,25,2172,7
0,5,69,4,25,2173,1
0,5,69,4,25,2174,7
0,5,69,4,25,2175,11
0,5,69,4,25,2176,-3
0,5,69,4,25,2177,-3
0,5,69,4,25,2178,3
0,5,69,4,25,2179,1
0,5,69,4,25,2180,1
0,5,69,4,25,2181,1
0,5,69,4,25,2182,-1
0,5,69,4,25,2183,-5
0,5,69,4,25,2184,7
0,5,69,4,25,2185,1
0,5,69,4,25,2186,-7
0,5,69,4,25,2187,9
0,5,69,4,25,2188,5
0,5,69,4,25,2189,-3
0,5,69,4,25,2190,-3
0,5,69,4,25,2191,-3
0,5,69,4,25,2192,-5
0,5,69,4,25,2193,1
0,5,69,4,25,2194,-1
0,5,69,4,25,2195,5
0,5,69,4,25,2196,-5
0,5,69,4,25,2197,7
0,5,69,4,25,2198,1
0,5,69,4,25,2199,7
0,5,69,4,25,2200,11
0,5,69,4,25,2201,-3
0,5,69,4,25,2202,-3
0,5,69,4,25,2203,3
0,5,69,4,25,2204,1
0,5,69,4,25,2205,1
0,5,69,4,25,2206,1
0,5,69,4,25,2207,-1
0,5,69,4,25,2208,-5
0,5,69,4,25,2209,7
0,5,69,4,25,2210,1
0,5,69,4,25,2211,-7
0,5,69,4,25,2212,9
0,5,69,4,25,2213,5
0,5,69,4,25,2214,-3
0,5,69,4,25,2215,-3
0,5,69,4,25,2216,-3
0,5,69,4,25,2217,-5
0,5,69,4,25,2218,1
0,5,69,4,25,2219,-1
0,5,69,4,25,2220,5
0,5,69,4,25,2221,-5
0,5,69,4,25,2222,7
0,5,69,4,25,2223,1
0,5,69,4,25,2224,7
0,5,69,4,25,2225,11
0,5,69,4,25,2226,-3
0,5,69,4,25,2227,-3
0,5,69,4,25,2228,3
0,5,69,4,25,2229,1
0,5,69,4,25,2230,1
0,5,69,4,25,2231,1
0,5,69,4,25,2232,-1
0,5,69,4,25,2233,-5
0,5,69,4,25,2234,7
0,5,69,4,25,2235,1
0,5,69,4,25,2236,-7
0,5,69,4,25,2237,9
0,5,69,4,25,2238,5
0,5,69,4,25,2239,-3
0,5,69,4,25,2240,-3
0,5,69,4,25,2241,-3
0,5,69,4,25,2242,-5
0,5,69,4,25,2243,1
0,5,69,4,25,2244,-1
0,5,69,4,25,2245,5
0,5,69,4,25,2246,-5
0,5,69,4,25,2247,7
0,5,69,4,25,2248,1
0,5,69,4,25,2249,7
0,5,69,4,25,2250,11
0,5,69,4,25,2251,-3
0,5,69,4,25,2252,-3
0,5,69,4,25,2253,3
0,5,69,4,25,2254,1
0,5,69,4,25,2255,1
0,5,69,4,25,2256,1
0,5,69,4,25,2257,-1
0,5,69,4,25,2258,-5
0,5,69,4,25,2259,7
0,5,69,4,25,2260,1
0,5,69,4,25,2261,-7
0,5,69,4,25,2262,9
0,5,69,4,25,2263,5
0,5,69,4,25,2264,-3
0,5,69,4,25,2265,-3
0,5,69,4,25,2266,-3
0,5,69,4,25,2267,-5
0,5,69,4,25,2268,1
0,5,69,4,25,2269,-1
0,5,69,4,25,2270,5
0,5,69,4,25,2271,-5
0,5,69,4,25,2272,7
0,5,69,4,25,2273,1
0,5,69,4,25,2274,7
0,5,69,4,25,2275,11
0,5,69,4,25,2276,-3
0,5,69,4,25,2277,-3
0,5,69,4,25,2278,3
0,5,69,4,25,2279,1
0,5,69,4,25,2280,1
0,5,69,4,25,2281,1
0,5,69,4,25,2282,-1
0,5,69,4,25,2283,-5
0,5,69,4,25,2284,7
0,5,69,4,25,2285,1
0,5,69,4,25,2286,-7
0,5,69,4,25,2287,9
0,5,69,4,25,2288,5
0,5,69,4,25,2289,-3
0,5,69,4,25,2290,-3
0,5,69,4,25,2291,-3
0,5,69,4,25,2292,-5
0,5,69,4,25,2293,1
0,5,69,4,25,2294,-1
0,5,69,4,25,2295,5
0,5,69,4,25,2296,-5
0,5,69,4,25,2297,7
0,5,69,4,25,2298,1
0,5,69,4,25,2299,7
0,5,69,4,25,2300,11
0,5,69,4,25,2301,-3
0,5,69,4,25,2302,-3
0,5,69,4,25,2303,3
0,5,69,4,25,2304,1
0,5,69,4,25,2305,1
0,5,69,4,25,2306,1
0,5,69,4,25,2307,-1
0,5,69,4,25,2308,-5
0,5,69,4,25,2309,7
0,5,69,4,25,2310,1
0,5,69,4,25,2311,-7
0,5,69,4,25,2312,9
0,5,69,4,25,2313,5
0,5,69,4,25,2314,-3
0,5,69,4,25,2315,-3
0,5,69,4,25,2316,-3
0,5,69,4,25,2317,-5
0,5,69,4,25,2318,1
0,5,69,4,25,2319,-1
0,5,69,4,25,2320,5
0,5,69,4,25,2321,-5
0,5,69,4,25,2322,7
0,5,69,4,25,2323,1
0,5,69,4,25,2324,7
0,5,69,4,25,2325,11
0,5,69,4,25,2326,-3
0,5,69,4,25,2327,-3
0,5,69,4,25,2328,3
0,5,69,4,25,2329,1
0,5,69,4,25,2330,1
0,5,69,4,25,2331,1
0,5,69,4,25,2332,-1
0,5,69,4,25,2333,-5
0,5,69,4,25,2334,7
0,5,69,4,25,2335,1
0,5,69,4,25,2336,-7
0,5,69,4,25,2337,9
0,5,69,4,25,2338,5
0,5,69,4,25,2339,-3
0,5,69,4,25,2340,-3
0,5,69,4,25,2341,-3
0,5,69,4,25,2342,-5
0,5,69,4,25,2343,1
0,5,69,4,25,2344,-1
0,5,69,4,25,2345,5
0,5,69,4,25,2346,-5
0,5,69,4,25,2347,7
0,5,69,4,25,2348,1
0,5,69,4,25,2349,7
0,5,69,4,25,2350,11
0,5,69,4,25,2351,-3
0,5,69,4,25,2352,-3
0,5,69,4,25,2353,3
0,5,69,4,25,2354,1
0,5,69,4,25,2355,1
0,5,69,4,25,2356,1
0,5,69,4,25,2357,-1
0,5,69,4,25,2358,-5
0,5,69,4,25,2359,7
0,5,69,4,25,2360,1
0,5,69,4,25,2361,-7
0,5,69,4,25,2362,9
0,5,69,4,25,2363,5
0,5,69,4,25,2364,-3
0,5,69,4,25,2365,-3
0,5,69,4,25,2366,-3
0,5,69,4,25,2367,-5
0,5,69,4,25,2368,1
0,5,69,4,25,2369,-1
0,5,69,4,25,2370,5
0,5,69,4,25,2371,-5
0,5,69,4,25,2372,7
0,5,69,4,25,2373,1
0,5,69,4,25,2374,7
0,5,69,4,25,2375,11
0,5,69,4,25,2376,-3
0,5,69,4,25,2377,-3
0,5,69,4,25,2378,3
0,5,69,4,25,2379,1
0,5,69,4,25,2380,1
0,5,69,4,25,2381,1
0,5,69,4,25,2382,-1
0,5,69,4,25,2383,-5
0,5,69,4,25,2384,7
0,5,69,4,25,2385,1
0,5,69,4,25,2386,-7
0,5,69,4,25,2387,9
0,5,69,4,25,2388,5
0,5,69,4,25,2389,-3
0,5,69,4,25,2390,-3
0,5,69,4,25,2391,-3
0,5,69,4,25,2392,-5
0,5,69,4,25,2393,1
0,5,69,4,25,2394,-1
0,5,69,4,25,2395,5
0,5,69,4,25,2396,-5
0,5,69,4,25,2397,7
0,5,69,4,25,2398,1
0,5,69,4,25,2399,7
0,5,69,4,25,2400,11
0,5,69,4,25,2401,-3
0,5,69,4,25,2402,-3
0,5,69,4,25,2403,3
0,5,69,4,25,2404,1
0,5,69,4,25,2405,1
0,5,69,4,25,2406,1
0,5,69,4,25,2407,-1
0,5,69,4,25,2408,-5
0,5,69,4,25,2409,7
0,5,69,4,25,2410,1
0,5,69,4,25,2411,-7
0,5,69,4,25,2412,9
0,5,69,4,25,2413,5
0,5,69,4,25,2414,-3
0,5,69,4,25,2415,-3
0,5,69,4,25,2416,-3
0,5,69,4,25,2417,-5
0,5,69,4,25,2418,1
0,5,69,4,25,2419,-1
0,5,69,4,25,2420,5
0,5,69,4,25,2421,-5
0,5,69,4,25,2422,7
0,5,69,4,25,2423,1
0,5,69,4,25,2424,7
0,5,69,4,25,2425,11
0,5,69,4,25,2426,-3
0,5,69,4,25,2427,-3
0,5,69,4,25,2428,3
0,5,69,4,25,2429,1
0,5,69,4,25,2430,1
0,5,69,4,25,2431,1
0,5,69,4,25,2432,-1
0,5,69,4,25,2433,-5
0,5,69,4,25,2434,7
0,5,69,4,25,2435,1
0,5,69,4,25,2436,-7
0,5,69,4,25,2437,9
0,5,69,4,25,2438,5
0,5,69,4,25,2439,-3
0,5,69,4,25,2440,-3
0,5,69,4,25,2441,-3
0,5,69,4,25,2442,-5
0,5,69,4,25,2443,1
0,5,69,4,25,2444,-1
0,5,69,4,25,2445,5
0,5,69,4,25,2446,-5
0,5,69,4,25,2447,7
0,5,69,4,25,2448,1
0,5,69,4,25,2449,7
0,5,69,4,25,2450,11
0,5,69,4,25,2451,-3
0,5,69,4,25,2452,-3
0,5,69,4,25,2453,3
0,5,69,4,25,2454,1
0,5,69,4,25,2455,1
0,5,69,4,25,2456,1
0,5,69,4,25,2457,-1
0,5,69,4,25,2458,-5
0,5,69,4,25,2459,7
0,5,69,4,25,2460,1
0,5,69,4,25,2461,-7
0,5,69,4,25,2462,9
0,5,69,4,25,2463,5
0,5,69,4,25,2464,-3
0,5,69,4,25,2465,-3
0,5,69,4,25,2466,-3
0,5,69,4,25,2467,-5
0,5,69,4,25,2468,1
0,5,69,4,25,2469,-1
0,5,69,4,25,2470,5
0,5,69,4,25,2471,-5
0,5,69,4,25,2472,7
0,5,69,4,25,2473,1
0,5,69,4,25,2474,7
0,5,69,4,25,2475,11
0,5,69,4,25,2476,-3
0,5,69,4,25,2477,-3
0,5,69,4,25,2478,3
0,5,69,4,25,2479,1
0,5,69,4,25,2480,1
0,5,69,4,25,2481,1
0,5,69,4,25,2482,-1
0,5,69,4,25,2483,-5
0,5,69,4,25,2484,7
0,5,69,4,25,2485,1
0,5,69,4,25,2486,-7
0,5,69,4,25,2487,9
0,5,69,4,25,2488,5
0,5,69,4,25,2489,-3
0,5,69,4,25,2490,-3
0,5,69,4,25,2491,-3
0,5,69,4,25,2492,-5
0,5,69,4,25,2493,1
0,5,69,4,25,2494,-1
0,5,69,4,25,2495,5
0,5,69,4,25,2496,-5
0,5,69,4,25,2497,7
0,5,69,4,25,2498,1
0,5,69,4,25,2499,7
0,5,69,4,25,2500,11
0,5,69,4,25,2501,-3
0,5,69,4,25,2502,-3
0,5,69,4,25,2503,3
0,5,69,4,25,2504,1
0,5,69,4,25,2505,1
0,5,69,4,25,2506,1
0,5,69,4,25,2507,-1
0,5,69,4,25,2508,-5
0,5,69,4,25,2509,7
0,5,69,4,25,2510,1
0,5,69,4,25,2511,-7
0,5,69,4,25,2512,9
0,5,69,4,25,2513,5
0,5,69,4,25,2514,-3
0,5,69,4,25,2515,-3
0,5,69,4,25,2516,-3
0,5,69,4,25,2517,-5
0,5,69,4,25,2518,1
0,5,69,4,25,2519,-1
0,5,69,4,25,2520,5
0,5,69,4,25,2521,-5
0,5,69,4,25,2522,7
0,5,69,4,25,2523,1
0,5,69,4,25,2524,7
0,5,69,4,25,2525,11
0,5,69,4,25,2526,-3
0,5,69,4,25,2527,-3
0,5,69,4,25,2528,3
0,5,69,4,25,2529,1
0,5,69,4,25,2530,1
0,5,69,4,25,2531,1
0,5,69,4,25,2532,-1
0,5,69,4,25,2533,-5
0,5,69,4,25,2534,7
0,5,69,4,25,2535,1
0,5,69,4,25,2536,-7
0,5,69,4,25,2537,9
0,5,69,4,25,2538,5
0,5,69,4,25,2539,-3
0,5,69,4,25,2540,-3
0,5,69,4,25,2541,-3
0,5,69,4,25,2542,-5
0,5,69,4,25,2543,1
0,5,69,4,25,2544,-1
0,5,69,4,25,2545,5
0,5,69,4,25,2546,-5
0,5,69,4,25,2547,7
0,5,69,4,25,2548,1
0,5,69,4,25,2549,7
0,5,69,4,25,2550,11
0,5,69,4,25,2551,-3
0,5,69,4,25,2552,-3
0,5,69,4,25,2553,3
0,5,69,4,25,2554,1
0,5,69,4,25,2555,1
0,5,69,4,25,2556,1
0,5,69,4,25,2557,-1
0,5,69,4,25,2558,-5
0,5,69,4,25,2559,7
0,5,69,4,25,2560,1
0,5,69,4,25,2561,-7
0,5,69,4,25,2562,9
0,5,69,4,25,2563,5
0,5,69,4,25,2564,-3
0,5,69,4,25,2565,-3
0,5,69,4,25,2566,-3
0,5,69,4,25,2567,-5
0,5,69,4,25,2568,1
0,5,69,4,25,2569,-1
0,5,69,4,25,2570,5
0,5,69,4,25,2571,-5
0,5,69,4,25,2572,7
0,5,69,4,25,2573,1
0,5,69,4,25,2574,7
0,5,69,4,25,2575,11
0,5,69,4,25,2576,-3
0,5,69,4,25,2577,-3
0,5,69,4,25,2578,3
0,5,69,4,25,2579,1
0,5,69,4,25,2580,1
0,5,69,4,25,2581,1
0,5,69,4,25,2582,-1
0,5,69,4,25,2583,-5
0,5,69,4,25,2584,7
0,5,69,4,25,2585,1
0,5,69,4,25,2586,-7
0,5,69,4,25,2587,9
0,5,69,4,25,2588,5
0,5,69,4,25,2589,-3
0,5,69,4,25,2590,-3
0,5,69,4,25,2591,-3
0,5,69,4,25,2592,-5
0,5,69,4,25,2593,1
0,5,69,4,25,2594,-1
0,5,69,4,25,2595,5
0,5,69,4,25,2596,-5
0,5,69,4,25,2597,7
0,5,69,4,25,2598,1
0,5,69,4,25,2599,7
0,5,69,4,25,2600,11
0,5,69,4,25,2601,-3
0,5,69,4,25,2602,-3
0,5,69,4,25,2603,3
0,5,69,4,25,2604,1
0,5,69,4,25,2605,1
0,5,69,4,25,2606,1
0,5,69,4,25,2607,-1
0,5,69,4,25,2608,-5
0,5,69,4,25,2609,7
0,5,69,4,25,2610,1
0,5,69,4,25,2611,-7
0,5,69,4,25,2612,9
0,5,69,4,25,2613,5
0,5,69,4,25,2614,-3
0,5,69,4,25,2615,-3
0,5,69,4,25,2616,-3
0,5,69,4,25,2617,-5
0,5,69,4,25,2618,1
0,5,69,4,25,2619,-1
0,5,69,4,25,2620,5
0,5,69,4,25,2621,-5
0,5,69,4,25,2622,7
0,5,69,4,25,2623,1
0,5,69,4,25,2624,7
0,5,69,4,25,2625,11
0,5,69,4,25,2626,-3
0,5,69,4,25,2627,-3
0,5,69,4,25,2628,3
0,5,69,4,25,2629,1
0,5,69,4,25,2630,1
0,5,69,4,25,2631,1
0,5,69,4,25,2632,-1
0,5,69,4,25,2633,-5
0,5,69,4,25,2634,7
0,5,69,4,25,2635,1
0,5,69,4,25,2636,-7
0,5,69,4,25,2637,9
0,5,69,4,25,2638,5
0,5,69,4,25,2639,-3
0,5,69,4,25,2640,-3
0,5,69,4,25,2641,-3
0,5,69,4,25,2642,-5
0,5,69,4,25,2643,1
0,5,69,4,25,2644,-1
0,5,69,4,25,2645,5
0,5,69,4,25,2646,-5
0,5,69,4,25,2647,7
0,5,69,4,25,2648,1
0,5,69,4,25,2649,7
0,5,69,4,25,2650,11
0,5,69,4,25,2651,-3
0,5,69,4,25,2652,-3
0,5,69,4,25,2653,3
0,5,69,4,25,2654,1
0,5,69,4,25,2655,1
0,5,69,4,25,2656,1
0,5,69,4,25,2657,-1
0,5,69,4,25,2658,-5
0,5,69,4,25,2659,7
0,5,69,4,25,2660,1
0,5,69,4,25,2661,-7
0,5,69,4,25,2662,9
0,5,69,4,25,2663,5
0,5,69,4,25,2664,-3
0,5,69,4,25,2665,-3
0,5,69,4,25,2666,-3
0,5,69,4,25,2667,-5
0,5,69,4,25,2668,1
0,5,69,4,25,2669,-1
0,5,69,4,25,2670,5
0,5,69,4,25,2671,-5
0,5,69,4,25,2672,7
0,5,69,4,25,2673,1
0,5,69,4,25,2674,7
0,5,69,4,25,2675,11
0,5,69,4,25,2676,-3
0,5,69,4,25,2677,-3
0,5,69,4,25,2678,3
0,5,69,4,25,2679,1
0,5,69,4,25,2680,1
0,5,69,4,25,2681,1
0,5,69,4,25,2682,-1
0,5,69,4,25,2683,-5
0,5,69,4,25,2684,7
0,5,69,4,25,2685,1
0,5,69,4,25,2686,-7
0,5,69,4,25,2687,9
0,5,69,4,25,2688,5
0,5,69,4,25,2689,-3
0,5,69,4,25,2690,-3
0,5,69,4,25,2691,-3
0,5,69,4,25,2692,-5
0,5,69,4,25,2693,1
0,5,69,4,25,2694,-1
0,5,69,4,25,2695,5
0,5,69,4,25,2696,-5
0,5,69,4,25,2697,7
0,5,69,4,25,2698,1
0,5,69,4,25,2699,7
0,5,69,4,25,2700,11
0,5,69,4,25,2701,-3
0,5,69,4,25,2702,-3
0,5,69,4,25,2703,3
0,5,69,4,25,2704,1
0,5,69,4,25,2705,1
0,5,69,4,25,2706,1
0,5,69,4,25,2707,-1
0,5,69,4,25,2708,-5
0,5,69,4,25,2709,7
0,5,69,4,25,2710,1
0,5,69,4,25,2711,-7
0,5,69,4,25,2712,9
0,5,69,4,25,2713,5
0,5,69,4,25,2714,-3
0,5,69,4,25,2715,-3
0,5,69,4,25,2716,-3
0,5,69,4,25,2717,-5
0,5,69,4,25,2718,1
0,5,69,4,25,2719,-1
0,5,69,4,25,2720,5
0,5,69,4,25,2721,-5
0,5,69,4,25,2722,7
0,5,69,4,25,2723,1
0,5,69,4,25,2724,7
0,5,69,4,25,2725,11
0,5,69,4,25,2726,-3
0,5,69,4,25,2727,-3
0,5,69,4,25,2728,3
0,5,69,4,25,2729,1
0,5,69,4,25,2730,1
0,5,69,4,25,2731,1
0,5,69,4,25,2732,-1
0,5,69,4,25,2733,-5
0,5,69,4,25,2734,7
0,5,69,4,25,2735,1
0,5,69,4,25,2736,-7
0,5,69,4,25,2737,9
0,5,69,4,25,2738,5
0,5,69,4,25,2739,-3
0,5,69,4,25,2740,-3
0,5,69,4,25,2741,-3
0,5,69,4,25,2742,-5
0,5,69,4,25,2743,1
0,5,69,4,25,2744,-1
0,5,69,4,25,2745,5
0,5,69,4,25,2746,-5
0,5,69,4,25,2747,7
0,5,69,4,25,2748,1
0,5,69,4,25,2749,7
0,5,69,4,25,2750,11
0,5,69,4,25,2751,-3
0,5,69,4,25,2752,-3
0,5,69,4,25,2753,3
0,5,69,4,25,2754,1
0,5,69,4,25,2755,1
0,5,69,4,25,2756,1
0,5,69,4,25,2757,-1
0,5,69,4,25,2758,-5
0,5,69,4,25,2759,7
0,5,69,4,25,2760,1
0,5,69,4,25,2761,-7
0,5,69,4,25,2762,9
0,5,69,4,25,2763,5
0,5,69,4,25,2764,-3
0,5,69,4,25,2765,-3
0,5,69,4,25,2766,-3
0,5,69,4,25,2767,-5
0,5,69,4,25,2768,1
0,5,69,4,25,2769,-1
0,5,69,4,25,2770,5
0,5,69,4,25,2771,-5
0,5,69,4,25,2772,7
0,5,69,4,25,2773,1
0,5,69,4,25,2774,7
0,5,69,4,25,2775,11
0,5,69,4,25,2776,-3
0,5,69,4,25,2777,-3
0,5,69,4,25,2778,3
0,5,69,4,25,2779,1
0,5,69,4,25,2780,1
0,5,69,4,25,2781,1
0,5,69,4,25,2782,-1
0,5,69,4,25,2783,-5
0,5,69,4,25,2784,7
0,5,69,4,25,2785,1
0,5,69,4,25,2786,-7
0,5,69,4,25,2787,9
0,5,69,4,25,2788,5
0,5,69,4,25,2789,-3
0,5,69,4,25,2790,-3
0,5,69,4,25,2791,-3
0,5,69,4,25,2792,-5
0,5,69,4,25,2793,1
0,5,69,4,25,2794,-1
0,5,69,4,25,2795,5
0,5,69,4,25,2796,-5
0,5,69,4,25,2797,7
0,5,69,4,25,2798,1
0,5,69,4,25,2799,7
0,5,69,4,25,2800,11
0,5,69,4,25,2801,-3
0,5,69,4,25,2802,-3
0,5,69,4,25,2803,3
0,5,69,4,25,2804,1
0,5,69,4,25,2805,1
0,5,69,4,25,2806,1
0,5,69,4,25,2807,-1
0,5,69,4,25,2808,-5
0,5,69,4,25,2809,7
0,5,69,4,25,2810,1
0,5,69,4,25,2811,-7
0,5,69,4,25,2812,9
0,5,69,4,25,2813,5
0,5,69,4,25,2814,-3
0,5,69,4,25,2815,-3
0,5,69,4,25,2816,-3
0,5,69,4,25,2817,-5
0,5,69,4,25,2818,1
0,5,69,4,25,2819,-1
0,5,69,4,25,2820,5
0,5,69,4,25,2821,-5
0,5,69,4,25,2822,7
0,5,69,4,25,2823,1
0,5,69,4,25,2824,7
0,5,69,4,25,2825,11
0,5,69,4,25,2826,-3
0,5,69,4,25,2827,-3
0,5,69,4,25,2828,3
0,5,69,4,25,2829,1
0,5,69,4,25,2830,1
0,5,69,4,25,2831,1
0,5,69,4,25,2832,-1
0,5,69,4,25,2833,-5
0,5,69,4,25,2834,7
0,5,69,4,25,2835,1
0,5,69,4,25,2836,-7
0,5,69,4,25,2837,9
0,5,69,4,25,2838,5
0,5,69,4,25,2839,-3
0,5,69,4,25,2840,-3
0,5,69,4,25,2841,-3
0,5,69,4,25,2842,-5
0,5,69,4,25,2843,1
0,5,69,4,25,2844,-1
0,5,69,4,25,2845,5
0,5,69,4,25,2846,-5
0,5,69,4,25,2847,7
0,5,69,4,25,2848,1
0,5,69,4,25,2849,7
0,5,69,4,25,2850,11
0,5,69,4,25,2851,-3
0,5,69,4,25,2852,-3
0,5,69,4,25,2853,3
0,5,69,4,25,2854,1
0,5,69,4,25,2855,1
0,5,69,4,25,2856,1
0,5,69,4,25,2857,-1
0,5,69,4,25,2858,-5
0,5,69,4,25,2859,7
0,5,69,4,25,2860,1
0,5,69,4,25,2861,-7
0,5,69,4,25,2862,9
0,5,69,4,25,2863,5
0,5,69,4,25,2864,-3
0,5,69,4,25,2865,-3
0,5,69,4,25,2866,-3
0,5,69,4,25,2867,-5
0,5,69,4,25,2868,1
0,5,69,4,25,2869,-1
0,5,69,4,25,2870,5
0,5,69,4,25,2871,-5
0,5,69,4,25,2872,7
0,5,69,4,25,2873,1
0,5,69,4,25,2874,7
0,5,69,4,25,2875,11
0,5,69,4,25,2876,-3
0,5,69,4,25,2877,-3
0,5,69,4,25,2878,3
0,5,69,4,25,2879,1
0,5,69,4,25,2880,1
0,5,69,4,25,2881,1
0,5,69,4,25,2882,-1
0,5,69,4,25,2883,-5
0,5,69,4,25,2884,7
0,5,69,4,25,2885,1
0,5,69,4,25,2886,-7
0,5,69,4,25,2887,9
0,5,69,4,25,2888,5
0,5,69,4,25,2889,-3
0,5,69,4,25,2890,-3
0,5,69,4,25,2891,-3
0,5,69,4,25,2892,-5
0,5,69,4,25,2893,1
0,5,69,4,25,2894,-1
0,5,69,4,25,2895,5
0,5,69,4,25,2896,-5
0,5,69,4,25,2897,7
0,5,69,4,25,2898,1
0,5,69,4,25,2899,7
0,5,69,4,25,2900,11
0,5,69,4,25,2901,-3
0,5,69,4,25,2902,-3
0,5,69,4,25,2903,3
0,5,69,4,25,2904,1
0,5,69,4,25,2905,1
0,5,69,4,25,2906,1
0,5,69,4,25,2907,-1
0,5,69,4,25,2908,-5
0,5,69,4,25,2909,7
0,5,69,4,25,2910,1
0,5,69,4,25,2911,-7
0,5,69,4,25,2912,9
0,5,69,4,25,2913,5
0,5,69,4,25,2914,-3
0,5,69,4,25,2915,-3
0,5,69,4,25,2916,-3
0,5,69,4,25,2917,-5
0,5,69,4,25,2918,1
0,5,69,4,25,2919,-1
0,5,69,4,25,2920,5
0,5,69,4,25,2921,-5
0,5,69,4,25,2922,7
0,5,69,4,25,2923,1
0,5,69,4,25,2924,7
0,5,69,4,25,2925,11
0,5,69,4,25,2926,-3
0,5,69,4,25,2927,-3
0,5,69,4,25,2928,3
0,5,69,4,25,2929,1
0,5,69,4,25,2930,1
0,5,69,4,25,2931,1
0,5,69,4,25,2932,-1
0,5,69,4,25,2933,-5
0,5,69,4,25,2934,7
0,5,69,4,25,2935,1
0,5,69,4,25,2936,-7
0,5,69,4,25,2937,9
0,5,69,4,25,2938,5
0,5,69,4,25,2939,-3
0,5,69,4,25,2940,-3
0,5,69,4,25,2941,-3
0,5,69,4,25,2942,-5
0,5,69,4,25,2943,1
0,5,69,4,25,2944,-1
0,5,69,4,25,2945,5
0,5,69,4,25,2946,-5
0,5,69,4,25,2947,7
0,5,69,4,25,2948,1
0,5,69,4,25,2949,7
0,5,69,4,25,2950,11
0,5,69,4,25,2951,-3
0,5,69,4,25,2952,-3
0,5,69,4,25,2953,3
0,5,69,4,25,2954,1
0,5,69,4,25,2955,1
0,5,69,4,25,2956,1
0,5,69,4,25,2957,-1
0,5,69,4,25,2958,-5
0,5,69,4,25,2959,7
0,5,69,4,25,2960,1
0,5,69,4,25,2961,-7
0,5,69,4,25,2962,9
0,5,69,4,25,2963,5
0,5,69,4,25,2964,-3
0,5,69,4,25,2965,-3
0,5,69,4,25,2966,-3
0,5,69,4,25,2967,-5
0,5,69,4,25,2968,1
0,5,69,4,25,2969,-1
0,5,69,4,25,2970,5
0,5,69,4,25,2971,-5
0,5,69,4,25,2972,7
0,5,69,4,25,2973,1
0,5,69,4,25,2974,7
0,5,69,4,25,2975,11
0,5,69,4,25,2976,-3
0,5,69,4,25,2977,-3
0,5,69,4,25,2978,3
0,5,69,4,25,2979,1
0,5,69,4,25,2980,1
0,5,69,4,25,2981,1
0,5,69,4,25,2982,-1
0,5,69,4,25,2983,-5
0,5,69,4,25,2984,7
0,5,69,4,25,2985,1
0,5,69,4,25,2986,-7
0,5,69,4,25,2987,9
0,5,69,4,25,2988,5
0,5,69,4,25,2989,-3
0,5,69,4,25,2990,-3
0,5,69,4,25,2991,-3
0,5,69,4,25,2992,-5
0,5,69,4,25,2993,1
0,5,69,4,25,2994,-1
0,5,69,4,25,2995,5
0,5,69,4,25,2996,-5
0,5,69,4,25,2997,7
0,5,69,4,25,2998,1
0,5,69,4,25,2999,7
0,5,69,4,25,3000,11
0,5,69,4,25,3001,-3
0,5,69,4,25,3002,-3
0,5,69,4,25,3003,3
0,5,69,4,25,3004,1
0,5,69,4,25,3005,1
0,5,69,4,25,3006,1
0,5,69,4,25,3007,-1
0,5,69,4,25,3008,-5
0,5,69,4,25,3009,7
0,5,69,4,25,3010,1
0,5,69,4,25,3011,-7
0,5,69,4,25,3012,9
0,5,69,4,25,3013,5
0,5,69,4,25,3014,-3
0,5,69,4,25,3015,-3
0,5,69,4,25,3016,-3
0,5,69,4,25,3017,-5
0,5,69,4,25,3018,1
0,5,69,4,25,3019,-1
0,5,69,4,25,3020,5
0,5,69,4,25,3021,-5
0,5,69,4,25,3022,7
0,5,69,4,25,3023,1
0,5,69,4,25,3024,7
0,5,69,4,25,3025,11
0,5,69,4,25,3026,-3
0,5,69,4,25,3027,-3
0,5,69,4,25,3028,3
0,5,69,4,25,3029,1
0,5,69,4,25,3030,1
0,5,69,4,25,3031,1
0,5,69,4,25,3032,-1
0,5,69,4,25,3033,-5
0,5,69,4,25,3034,7
0,5,69,4,25,3035,1
0,5,69,4,25,3036,-7
0,5,69,4,25,3037,9
0,5,69,4,25,3038,5
0,5,69,4,25,3039,-3
0,5,69,4,25,3040,-3
0,5,69,4,25,3041,-3
0,5,69,4,25,3042,-5
0,5,69,4,25,3043,1
0,5,69,4,25,3044,-1
0,5,69,4,25,3045,5
0,5,69,4,25,3046,-5
0,5,69,4,25,3047,7
0,5,69,4,25,3048,1
0,5,69,4,25,3049,7
0,5,69,4,25,3050,11
0,5,69,4,25,3051,-3
0,5,69,4,25,3052,-3
0,5,69,4,25,3053,3
0,5,69,4,25,3054,1
0,5,69,4,25,3055,1
0,5,69,4,25,3056,1
0,5,69,4,25,3057,-1
0,5,69,4,25,3058,-5
0,5,69,4,25,3059,7
0,5,69,4,25,3060,1
0,5,69,4,25,3061,-7
0,5,69,4,25,3062,9
0,5,69,4,25,3063,5
0,5,69,4,25,3064,-3
0,5,69,4,25,3065,-3
0,5,69,4,25,3066,-3
0,5,69,4,25,3067,-5
0,5,69,4,25,3068,1
0,5,69,4,25,3069,-1
0,5,69,4,25,3070,5
0,5,69,4,25,3071,-5
0,5,69,4,25,3072,7
0,5,69,4,25,3073,1
0,5,69,4,25,3074,7
0,5,69,4,25,3075,11
0,5,69,4,25,3076,-3
0,5,69,4,25,3077,-3
0,5,69,4,25,3078,3
0,5,69,4,25,3079,1
0,5,69,4,25,3080,1
0,5,69,4,25,3081,1
0,5,69,4,25,3082,-1
0,5,69,4,25,3083,-5
0,5,69,4,25,3084,7
0,5,69,4,25,3085,1
0,5,69,4,25,3086,-7
0,5,69,4,25,3087,9
0,5,69,4,25,3088,5
0,5,69,4,25,3089,-3
0,5,69,4,25,3090,-3
0,5,69,4,25,3091,-3
0,5,69,4,25,3092,-5
0,5,69,4,25,3093,1
0,5,69,4,25,3094,-1
0,5,69,4,25,3095,5
0,5,69,4,25,3096,-5
0,5,69,4,25,3097,7
0,5,69,4,25,3098,1
0,5,69,4,25,3099,7
0,5,69,4,25,3100,11
0,5,69,4,25,3101,-3
0,5,69,4,25,3102,-3
0,5,69,4,25,3103,3
0,5,69,4,25,3104,1
0,5,69,4,25,3105,1
0,5,69,4,25,3106,1
0,5,69,4,25,3107,-1
0,5,69,4,25,3108,-5
0,5,69,4,25,3109,7
0,5,69,4,25,3110,1
0,5,69,4,25,3111,-7
0,5,69,4,25,3112,9
0,5,69,4,25,3113,5
0,5,69,4,25,3114,-3
0,5,69,4,25,3115,-3
0,5,69,4,25,3116,-3
0,5,69,4,25,3117,-5
0,5,69,4,25,3118,1
0,5,69,4,25,3119,-1
0,5,69,4,25,3120,5
0,5,69,4,25,3121,-5
0,5,69,4,25,3122,7
0,5,69,4,25,3123,1
0,5,69,4,25,3124,7
0,5,69,4,25,3125,11
0,5,69,4,25,3126,-3
0,5,69,4,25,3127,-3
0,5,69,4,25,3128,3
0,5,69,4,25,3129,1
0,5,69,4,25,3130,1
0,5,69,4,25,3131,1
0,5,69,4,25,3132,-1
0,5,69,4,25,3133,-5
0,5,69,4,25,3134,7
0,5,69,4,25,3135,1
0,5,69,4,25,3136,-7
0,5,69,4,25,3137,9
0,5,69,4,25,3138,5
0,5,69,4,25,3139,-3
0,5,69,4,25,3140,-3
0,5,69,4,25,3141,-3
0,5,69,4,25,3142,-5
0,5,69,4,25,3143,1
0,5,69,4,25,3144,-1
0,5,69,4,25,3145,5
0,5,69,4,25,3146,-5
0,5,69,4,25,3147,7
0,5,69,4,25,3148,1
0,5,69,4,25,3149,7
0,5,69,4,25,3150,11
0,5,69,4,25,3151,-3
0,5,69,4,25,3152,-3
0,5,69,4,25,3153,3
0,5,69,4,25,3154,1
0,5,69,4,25,3155,1
0,5,69,4,25,3156,1
0,5,69,4,25,3157,-1
0,5,69,4,25,3158,-5
0,5,69,4,25,3159,7
0,5,69,4,25,3160,1
0,5,69,4,25,3161,-7
0,5,69,4,25,3162,9
0,5,69,4,25,3163,5
0,5,69,4,25,3164,-3
0,5,69,4,25,3165,-3
0,5,69,4,25,3166,-3
0,5,69,4,25,3167,-5
0,5,69,4,25,3168,1
0,5,69,4,25,3169,-1
0,5,69,4,25,3170,5
0,5,69,4,25,3171,-5
0,5,69,4,25,3172,7
0,5,69,4,25,3173,1
0,5,69,4,25,3174,7
0,5,69,4,25,3175,11
0,5,69,4,25,3176,-3
0,5,69,4,25,3177,-3
0,5,69,4,25,3178,3
0,5,69,4,25,3179,1
0,5,69,4,25,3180,1
0,5,69,4,25,3181,1
0,5,69,4,25,3182,-1
0,5,69,4,25,3183,-5
0,5,69,4,25,3184,7
0,5,69,4,25,3185,1
0,5,69,4,25,3186,-7
0,5,69,4,25,3187,9
0,5,69,4,25,3188,5
0,5,69,4,25,3189,-3
0,5,69,4,25,3190,-3
0,5,69,4,25,3191,-3
0,5,69,4,25,3192,-5
0,5,69,4,25,3193,1
0,5,69,4,25,3194,-1
0,5,69,4,25,3195,5
0,5,69,4,25,3196,-5
0,5,69,4,25,3197,7
0,5,69,4,25,3198,1
0,5,69,4,25,3199,7
0,5,69,4,25,3200,11
0,5,69,4,25,3201,-3
0,5,69,4,25,3202,-3
0,5,69,4,25,3203,3
0,5,69,4,25,3204,1
0,5,69,4,25,3205,1
0,5,69,4,25,3206,1
0,5,69,4,25,3207,-1
0,5,69,4,25,3208,-5
0,5,69,4,25,3209,7
0,5,69,4,25,3210,1
0,5,69,4,25,3211,-7
0,5,69,4,25,3212,9
0,5,69,4,25,3213,5
0,5,69,4,25,3214,-3
0,5,69,4,25,3215,-3
0,5,69,4,25,3216,-3
0,5,69,4,25,3217,-5
0,5,69,4,25,3218,1
0,5,69,4,25,3219,-1
0,5,69,4,25,3220,5
0,5,69,4,25,3221,-5
0,5,69,4,25,3222,7
0,5,69,4,25,3223,1
0,5,69,4,25,3224,7
0,5,69,4,25,3225,11
0,5,69,4,25,3226,-3
0,5,69,4,25,3227,-3
0,5,69,4,25,3228,3
0,5,69,4,25,3229,1
0,5,69,4,25,3230,1
0,5,69,4,25,3231,1
0,5,69,4,25,3232,-1
0,5,69,4,25,3233,-5
0,5,69,4,25,3234,7
0,5,69,4,25,3235,1
0,5,69,4,25,3236,-7
0,5,69,4,25,3237,9
0,5,69,4,25,3238,5
0,5,69,4,25,3239,-3
0,5,69,4,25,3240,-3
0,5,69,4,25,3241,-3
0,5,69,4,25,3242,-5
0,5,69,4,25,3243,1
0,5,69,4,25,3244,-1
0,5,69,4,25,3245,5
0,5,69,4,25,3246,-5
0,5,69,4,25,3247,7
0,5,69,4,25,3248,1
0,5,69,4,25,3249,7
0,5,69,4,25,3250,11
0,5,69,4,25,3251,-3
0,5,69,4,25,3252,-3
0,5,69,4,25,3253,3
0,5,69,4,25,3254,1
0,5,69,4,25,3255,1
0,5,69,4,25,3256,1
0,5,69,4,25,3257,-1
0,5,69,4,25,3258,-5
0,5,69,4,25,3259,7
0,5,69,4,25,3260,1
0,5,69,4,25,3261,-7
0,5,69,4,25,3262,9
0,5,69,4,25,3263,5
0,5,69,4,25,3264,-3
0,5,69,4,25,3265,-3
0,5,69,4,25,3266,-3
0,5,69,4,25,3267,-5
0,5,69,4,25,3268,1
0,5,69,4,25,3269,-1
0,5,69,4,25,3270,5
0,5,69,4,25,3271,-5
0,5,69,4,25,3272,7
0,5,69,4,25,3273,1
0,5,69,4,25,3274,7
0,5,69,4,25,3275,11
0,5,69,4,25,3276,-3
0,5,69,4,25,3277,-3
0,5,69,4,25,3278,3
0,5,69,4,25,3279,1
0,5,69,4,25,3280,1
0,5,69,4,25,3281,1
0,5,69,4,25,3282,-1
0,5,69,4,25,3283,-5
0,5,69,4,25,3284,7
0,5,69,4,25,3285,1
0,5,69,4,25,3286,-7
0,5,69,4,25,3287,9
0,5,69,4,25,3288,5
0,5,69,4,25,3289,-3
0,5,69,4,25,3290,-3
0,5,69,4,25,3291,-3
0,5,69,4,25,3292,-5
0,5,69,4,25,3293,1
0,5,69,4,25,3294,-1
0,5,69,4,25,3295,5
0,5,69,4,25,3296,-5
0,5,69,4,25,3297,7
0,5,69,4,25,3298,1
0,5,69,4,25,3299,7
0,5,69,4,25,3300,11
0,5,69,4,25,3301,-3
0,5,69,4,25,3302,-3
0,5,69,4,25,3303,3
0,5,69,4,25,3304,1
0,5,69,4,25,3305,1
0,5,69,4,25,3306,1
0,5,69,4,25,3307,-1
0,5,69,4,25,3308,-5
0,5,69,4,25,3309,7
0,5,69,4,25,3310,1
0,5,69,4,25,3311,-7
0,5,69,4,25,3312,9
0,5,69,4,25,3313,5
0,5,69,4,25,3314,-3
0,5,69,4,25,3315,-3
0,5,69,4,25,3316,-3
0,5,69,4,25,3317,-5
0,5,69,4,25,3318,1
0,5,69,4,25,3319,-1
0,5,69,4,25,3320,5
0,5,69,4,25,3321,-5
0,5,69,4,25,3322,7
0,5,69,4,25,3323,1
0,5,69,4,25,3324,7
0,5,69,4,25,3325,11
0,5,69,4,25,3326,-3
0,5,69,4,25,3327,-3
0,5,69,4,25,3328,3
0,5,69,4,25,3329,1
0,5,69,4,25,3330,1
0,5,69,4,25,3331,1
0,5,69,4,25,3332,-1
0,5,69,4,25,3333,-5
0,5,69,4,25,3334,7
0,5,69,4,25,3335,1
0,5,69,4,25,3336,-7
0,5,69,4,25,3337,9
0,5,69,4,25,3338,5
0,5,69,4,25,3339,-3
0,5,69,4,25,3340,-3
0,5,69,4,25,3341,-3
0,5,69,4,25,3342,-5
0,5,69,4,25,3343,1
0,5,69,4,25,3344,-1
0,5,69,4,25,3345,5
0,5,69,4,25,3346,-5
0,5,69,4,25,3347,7
0,5,69,4,25,3348,1
0,5,69,4,25,3349,7
0,5,69,4,25,3350,11
0,5,69,4,25,3351,-3
0,5,69,4,25,3352,-3
0,5,69,4,25,3353,3
0,5,69,4,25,3354,1
0,5,69,4,25,3355,1
0,5,69,4,25,3356,1
0,5,69,4,25,3357,-1
0,5,69,4,25,3358,-5
0,5,69,4,25,3359,7
0,5,69,4,25,3360,1
0,5,69,4,25,3361,-7
0,5,69,4,25,3362,9
0,5,69,4,25,3363,5
0,5,69,4,25,3364,-3
0,5,69,4,25,3365,-3
0,5,69,4,25,3366,-3
0,5,69,4,25,3367,-5
0,5,69,4,25,3368,1
0,5,69,4,25,3369,-1
0,5,69,4,25,3370,5
0,5,69,4,25,3371,-5
0,5,69,4,25,3372,7
0,5,69,4,25,3373,1
0,5,69,4,25,3374,7
0,5,69,4,25,3375,11
0,5,69,4,25,3376,-3
0,5,69,4,25,3377,-3
0,5,69,4,25,3378,3
0,5,69,4,25,3379,1
0,5,69,4,25,3380,1
0,5,69,4,25,3381,1
0,5,69,4,25,3382,-1
0,5,69,4,25,3383,-5
0,5,69,4,25,3384,7
0,5,69,4,25,3385,1
0,5,69,4,25,3386,-7
0,5,69,4,25,3387,9
0,5,69,4,25,3388,5
0,5,69,4,25,3389,-3
0,5,69,4,25,3390,-3
0,5,69,4,25,3391,-3
0,5,69,4,25,3392,-5
0,5,69,4,25,3393,1
0,5,69,4,25,3394,-1
0,5,69,4,25,3395,5
0,5,69,4,25,3396,-5
0,5,69,4,25,3397,7
0,5,69,4,25,3398,1
0,5,69,4,25,3399,7
0,5,69,4,25,3400,11
0,5,69,4,25,3401,-3
0,5,69,4,25,3402,-3
0,5,69,4,25,3403,3
0,5,69,4,25,3404,1
0,5,69,4,25,3405,1
0,5,69,4,25,3406,1
0,5,69,4,25,3407,-1
0,5,69,4,25,3408,-5
0,5,69,4,25,3409,7
0,5,69,4,25,3410,1
0,5,69,4,25,3411,-7
0,5,69,4,25,3412,9
0,5,69,4,25,3413,5
0,5,69,4,25,3414,-3
0,5,69,4,25,3415,-3
0,5,69,4,25,3416,-3
0,5,69,4,25,3417,-5
0,5,69,4,25,3418,1
0,5,69,4,25,3419,-1
0,5,69,4,25,3420,5
0,5,69,4,25,3421,-5
0,5,69,4,25,3422,7
0,5,69,4,25,3423,1
0,5,69,4,25,3424,7
0,5,69,4,25,3425,11
0,5,69,4,25,3426,-3
0,5,69,4,25,3427,-3
0,5,69,4,25,3428,3
0,5,69,4,25,3429,1
0,5,69,4,25,3430,1
0,5,69,4,25,3431,1
0,5,69,4,25,3432,-1
0,5,69,4,25,3433,-5
0,5,69,4,25,3434,7
0,5,69,4,25,3435,1
0,5,69,4,25,3436,-7
0,5,69,4,25,3437,9
0,5,69,4,25,3438,5
0,5,69,4,25,3439,-3
0,5,69,4,25,3440,-3
0,5,69,4,25,3441,-3
0,5,69,4,25,3442,-5
0,5,69,4,25,3443,1
0,5,69,4,25,3444,-1
0,5,69,4,25,3445,5
0,5,69,4,25,3446,-5
0,5,69,4,25,3447,7
0,5,69,4,25,3448,1
0,5,69,4,25,3449,7
0,5,69,4,25,3450,11
0,5,69,4,25,3451,-3
0,5,69,4,25,3452,-3
0,5,69,4,25,3453,3
0,5,69,4,25,3454,1
0,5,69,4,25,3455,1
0,5,69,4,25,3456,1
0,5,69,4,25,3457,-1
0,5,69,4,25,3458,-5
0,5,69,4,25,3459,7
0,5,69,4,25,3460,1
0,5,69,4,25,3461,-7
0,5,69,4,25,3462,9
0,5,69,4,25,3463,5
0,5,69,4,25,3464,-3
0,5,69,4,25,3465,-3
0,5,69,4,25,3466,-3
0,5,69,4,25,3467,-5
0,5,69,4,25,3468,1
0,5,69,4,25,3469,-1
0,5,69,4,25,3470,5
0,5,69,4,25,3471,-5
0,5,69,4,25,3472,7
0,5,69,4,25,3473,1
0,5,69,4,25,3474,7
0,5,69,4,25,3475,11
0,5,69,4,25,3476,-3
0,5,69,4,25,3477,-3
0,5,69,4,25,3478,3
0,5,69,4,25,3479,1
0,5,69,4,25,3480,1
0,5,69,4,25,3481,1
0,5,69,4,25,3482,-1
0,5,69,4,25,3483,-5
0,5,69,4,25,3484,7
0,5,69,4,25,3485,1
0,5,69,4,25,3486,-7
0,5,69,4,25,3487,9
0,5,69,4,25,3488,5
0,5,69,4,25,3489,-3
0,5,69,4,25,3490,-3
0,5,69,4,25,3491,-3
0,5,69,4,25,3492,-5
0,5,69,4,25,3493,1
0,5,69,4,25,3494,-1
0,5,69,4,25,3495,5
0,5,69,4,25,3496,-5
0,5,69,4,25,3497,7
0,5,69,4,25,3498,1
0,5,69,4,25,3499,7
0,5,69,4,25,3500,11
0,5,69,4,25,3501,-3
0,5,69,4,25,3502,-3
0,5,69,4,25,3503,3
0,5,69,4,25,3504,1
0,5,69,4,25,3505,1
0,5,69,4,25,3506,1
0,5,69,4,25,3507,-1
0,5,69,4,25,3508,-5
0,5,69,4,25,3509,7
0,5,69,4,25,3510,1
0,5,69,4,25,3511,-7
0,5,69,4,25,3512,9
0,5,69,4,25,3513,5
0,5,69,4,25,3514,-3
0,5,69,4,25,3515,-3
0,5,69,4,25,3516,-3
0,5,69,4,25,3517,-5
0,5,69,4,25,3518,1
0,5,69,4,25,3519,-1
0,5,69,4,25,3520,5
0,5,69,4,25,3521,-5
0,5,69,4,25,3522,7
0,5,69,4,25,3523,1
0,5,69,4,25,3524,7
0,5,69,4,25,3525,11
0,5,69,4,25,3526,-3
0,5,69,4,25,3527,-3
0,5,69,4,25,3528,3
0,5,69,4,25,3529,1
0,5,69,4,25,3530,1
0,5,69,4,25,3531,1
0,5,69,4,25,3532,-1
0,5,69,4,25,3533,-5
0,5,69,4,25,3534,7
0,5,69,4,25,3535,1
0,5,69,4,25,3536,-7
0,5,69,4,25,3537,9
0,5,69,4,25,3538,5
0,5,69,4,25,3539,-3
0,5,69,4,25,3540,-3
0,5,69,4,25,3541,-3
0,5,69,4,25,3542,-5
0,5,69,4,25,3543,1
0,5,69,4,25,3544,-1
0,5,69,4,25,3545,5
0,5,69,4,25,3546,-5
0,5,69,4,25,3547,7
0,5,69,4,25,3548,1
0,5,69,4,25,3549,7
0,5,69,4,25,3550,11
0,5,69,4,25,3551,-3
0,5,69,4,25,3552,-3
0,5,69,4,25,3553,3
0,5,69,4,25,3554,1
0,5,69,4,25,3555,1
0,5,69,4,25,3556,1
0,5,69,4,25,3557,-1
0,5,69,4,25,3558,-5
0,5,69,4,25,3559,7
0,5,69,4,25,3560,1
0,5,69,4,25,3561,-7
0,5,69,4,25,3562,9
0,5,69,4,25,3563,5
0,5,69,4,25,3564,-3
0,5,69,4,25,3565,-3
0,5,69,4,25,3566,-3
0,5,69,4,25,3567,-5
0,5,69,4,25,3568,1
0,5,69,4,25,3569,-1
0,5,69,4,25,3570,5
0,5,69,4,25,3571,-5
0,5,69,4,25,3572,7
0,5,69,4,25,3573,1
0,5,69,4,25,3574,7
0,5,69,4,25,3575,11
0,5,69,4,25,3576,-3
0,5,69,4,25,3577,-3
0,5,69,4,25,3578,3
0,5,69,4,25,3579,1
0,5,69,4,25,3580,1
0,5,69,4,25,3581,1
0,5,69,4,25,3582,-1
0,5,69,4,25,3583,-5
0,5,69,4,25,3584,7
0,5,69,4,25,3585,1
0,5,69,4,25,3586,-7
0,5,69,4,25,3587,9
0,5,69,4,25,3588,5
0,5,69,4,25,3589,-3
0,5,69,4,25,3590,-3
0,5,69,4,25,3591,-3
0,5,69,4,25,3592,-5
0,5,69,4,25,3593,1
0,5,69,4,25,3594,-1
0,5,69,4,25,3595,5
0,5,69,4,25,3596,-5
0,5,69,4,25,3597,7
0,5,69,4,25,3598,1
0,5,69,4,25,3599,7
0,5,69,4,25,3600,11
0,5,69,4,25,3601,-3
0,5,69,4,25,3602,-3
0,5,69,4,25,3603,3
0,5,69,4,25,3604,1
0,5,69,4,25,3605,1
0,5,69,4,25,3606,1
0,5,69,4,25,3607,-1
0,5,69,4,25,3608,-5
0,5,69,4,25,3609,7
0,5,69,4,25,3610,1
0,5,69,4,25,3611,-7
0,5,69,4,25,3612,9
0,5,69,4,25,3613,5
0,5,69,4,25,3614,-3
0,5,69,4,25,3615,-3
0,5,69,4,25,3616,-3
0,5,69,4,25,3617,-5
0,5,69,4,25,3618,1
0,5,69,4,25,3619,-1
0,5,69,4,25,3620,5
0,5,69,4,25,3621,-5
0,5,69,4,25,3622,7
0,5,69,4,25,3623,1
0,5,69,4,25,3624,7
0,5,69,4,25,3625,11
0,5,69,4,25,3626,-3
0,5,69,4,25,3627,-3
0,5,69,4,25,3628,3
0,5,69,4,25,3629,1
0,5,69,4,25,3630,1
0,5,69,4,25,3631,1
0,5,69,4,25,3632,-1
0,5,69,4,25,3633,-5
0,5,69,4,25,3634,7
0,5,69,4,25,3635,1
0,5,69,4,25,3636,-7
0,5,69,4,25,3637,9
0,5,69,4,25,3638,5
0,5,69,4,25,3639,-3
0,5,69,4,25,3640,-3
0,5,69,4,25,3641,-3
0,5,69,4,25,3642,-5
0,5,69,4,25,3643,1
0,5,69,4,25,3644,-1
0,5,69,4,25,3645,5
0,5,69,4,25,3646,-5
0,5,69,4,25,3647,7
0,5,69,4,25,3648,1
0,5,69,4,25,3649,7
0,5,69,4,25,3650,11
0,5,69,4,25,3651,-3
0,5,69,4,25,3652,-3
0,5,69,4,25,3653,3
0,5,69,4,25,3654,1
0,5,69,4,25,3655,1
0,5,69,4,25,3656,1
0,5,69,4,25,3657,-1
0,5,69,4,25,3658,-5
0,5,69,4,25,3659,7
0,5,69,4,25,3660,1
0,5,69,4,25,3661,-7
0,5,69,4,25,3662,9
0,5,69,4,25,3663,5
0,5,69,4,25,3664,-3
0,5,69,4,25,3665,-3
0,5,69,4,25,3666,-3
0,5,69,4,25,3667,-5
0,5,69,4,25,3668,1
0,5,69,4,25,3669,-1
0,5,69,4,25,3670,5
0,5,69,4,25,3671,-5
0,5,69,4,25,3672,7
0,5,69,4,25,3673,1
0,5,69,4,25,3674,7
0,5,69,4,25,3675,11
0,5,69,4,25,3676,-3
0,5,69,4,25,3677,-3
0,5,69,4,25,3678,3
0,5,69,4,25,3679,1
0,5,69,4,25,3680,1
0,5,69,4,25,3681,1
0,5,69,4,25,3682,-1
0,5,69,4,25,3683,-5
0,5,69,4,25,3684,7
0,5,69,4,25,3685,1
0,5,69,4,25,3686,-7
0,5,69,4,25,3687,9
0,5,69,4,25,3688,5
0,5,69,4,25,3689,-3
0,5,69,4,25,3690,-3
0,5,69,4,25,3691,-3
0,5,69,4,25,3692,-5
0,5,69,4,25,3693,1
0,5,69,4,25,3694,-1
0,5,69,4,25,3695,5
0,5,69,4,25,3696,-5
0,5,69,4,25,3697,7
0,5,69,4,25,3698,1
0,5,69,4,25,3699,7
0,5,69,4,25,3700,11
0,5,69,4,25,3701,-3
0,5,69,4,25,3702,-3
0,5,69,4,25,3703,3
0,5,69,4,25,3704,1
0,5,69,4,25,3705,1
0,5,69,4,25,3706,1
0,5,69,4,25,3707,-1
0,5,69,4,25,3708,-5
0,5,69,4,25,3709,7
0,5,69,4,25,3710,1
0,5,69,4,25,3711,-7
0,5,69,4,25,3712,9
0,5,69,4,25,3713,5
0,5,69,4,25,3714,-3
0,5,69,4,25,3715,-3
0,5,69,4,25,3716,-3
0,5,69,4,25,3717,-5
0,5,69,4,25,3718,1
0,5,69,4,25,3719,-1
0,5,69,4,25,3720,5
0,5,69,4,25,3721,-5
0,5,69,4,25,3722,7
0,5,69,4,25,3723,1
0,5,69,4,25,3724,7
0,5,69,4,25,3725,11
